-- H2 2.2.224;
SET DB_CLOSE_DELAY -1;        
;             
CREATE USER IF NOT EXISTS "SA" SALT 'd0d9191047d0292c' HASH 'ea69f68122f38fb70754fc60492ca7d4e28f9cfbcb4ef9c641250d9856b0ac23' ADMIN;         
CREATE MEMORY TABLE "PUBLIC"."APP_DEPARTMENT"(
    "ID" BIGINT GENERATED BY DEFAULT AS IDENTITY(START WITH 1 RESTART WITH 8) NOT NULL,
    "NAME" CHARACTER VARYING(255) NOT NULL,
    "ORDER_NUM" INTEGER,
    "MANAGER_ID" CHARACTER VARYING(255),
    "PARENT_ID" BIGINT
);          
ALTER TABLE "PUBLIC"."APP_DEPARTMENT" ADD CONSTRAINT "PUBLIC"."CONSTRAINT_D" PRIMARY KEY("ID");               
-- 7 +/- SELECT COUNT(*) FROM PUBLIC.APP_DEPARTMENT;          
INSERT INTO "PUBLIC"."APP_DEPARTMENT" VALUES
(1, U&'IT\90e8', 0, NULL, NULL),
(2, U&'\4ed3\5e93\7ba1\7406\90e8', 1, NULL, NULL),
(3, U&'\5165\5e93\7ec4', 0, NULL, 2),
(4, U&'\51fa\5e93\7ec4', 1, NULL, 2),
(5, U&'\5e93\5b58\63a7\5236\7ec4', 2, NULL, 2),
(6, U&'\8d28\68c0\7ec4', 4, NULL, 2),
(7, U&'\8d22\52a1\90e8', 2, NULL, NULL);            
CREATE MEMORY TABLE "PUBLIC"."APP_MENU"(
    "ID" BIGINT GENERATED BY DEFAULT AS IDENTITY(START WITH 1) NOT NULL,
    "COMPONENT_PATH" CHARACTER VARYING(255),
    "DATA_SCOPE" CHARACTER VARYING(255),
    "ICON" CHARACTER VARYING(255),
    "NAME" CHARACTER VARYING(255) NOT NULL,
    "ORDER_NUM" INTEGER,
    "PARENT_ID" BIGINT,
    "PATH" CHARACTER VARYING(255),
    "TYPE" CHARACTER VARYING(255) NOT NULL,
    "VISIBLE" BOOLEAN NOT NULL,
    "FORM_DEFINITION_ID" BIGINT
);         
ALTER TABLE "PUBLIC"."APP_MENU" ADD CONSTRAINT "PUBLIC"."CONSTRAINT_760" PRIMARY KEY("ID");   
-- 0 +/- SELECT COUNT(*) FROM PUBLIC.APP_MENU;
CREATE MEMORY TABLE "PUBLIC"."APP_ROLE"(
    "ID" BIGINT GENERATED BY DEFAULT AS IDENTITY(START WITH 1 RESTART WITH 6) NOT NULL,
    "DESCRIPTION" CHARACTER VARYING(255),
    "NAME" CHARACTER VARYING(50) NOT NULL
);   
ALTER TABLE "PUBLIC"."APP_ROLE" ADD CONSTRAINT "PUBLIC"."CONSTRAINT_7603" PRIMARY KEY("ID");  
-- 5 +/- SELECT COUNT(*) FROM PUBLIC.APP_ROLE;
INSERT INTO "PUBLIC"."APP_ROLE" VALUES
(1, U&'\7cfb\7edf\7ba1\7406\5458\ff0c\62e5\6709\6240\6709\6743\9650', 'ADMIN'),
(2, U&'\666e\901a\7528\6237\ff0c\62e5\6709\57fa\672c\64cd\4f5c\6743\9650', 'USER'),
(3, U&'\7ec4\957f/\4e3b\7ba1', 'TEAM_LEADER'),
(4, U&'\8d28\68c0\5458', 'QC_INSPECTOR'),
(5, U&'\8d22\52a1\5ba1\6279\5458 (\7528\4e8e\9ad8\4ef7\503c\8d44\4ea7\5904\7406)', 'FINANCE_APPROVER');              
CREATE MEMORY TABLE "PUBLIC"."APP_SYSTEM_SETTING"(
    "ID" BIGINT GENERATED BY DEFAULT AS IDENTITY(START WITH 1 RESTART WITH 6) NOT NULL,
    "DESCRIPTION" CHARACTER VARYING(255),
    "SETTING_KEY" CHARACTER VARYING(255) NOT NULL,
    "SETTING_VALUE" CHARACTER VARYING
);         
ALTER TABLE "PUBLIC"."APP_SYSTEM_SETTING" ADD CONSTRAINT "PUBLIC"."CONSTRAINT_1" PRIMARY KEY("ID");           
-- 5 +/- SELECT COUNT(*) FROM PUBLIC.APP_SYSTEM_SETTING;      
INSERT INTO "PUBLIC"."APP_SYSTEM_SETTING" VALUES
(1, U&'\7cfb\7edf\5728\6d4f\89c8\5668\6807\7b7e\9875\548c\767b\5f55\9875\663e\793a\7684\540d\79f0', 'SYSTEM_NAME', U&'\8868\5355\5de5\4f5c\6d41\5f15\64ce'),
(2, U&'Ant Design Vue \7684\4e3b\9898\8272', 'THEME_COLOR', '#1890ff'),
(3, U&'\663e\793a\5728\9875\9762\5e95\90e8\7684\7248\6743\4fe1\606f', 'FOOTER_INFO', U&'\00a9 2025 PPMC Workflow. All Rights Reserved.'),
(4, U&'\7cfb\7edf\56fe\6807\7684\6587\4ef6ID (\6765\81ea\6587\4ef6\9644\4ef6\8868)', 'SYSTEM_ICON_ID', NULL),
(5, U&'\767b\5f55\9875\80cc\666f\56fe\7684\6587\4ef6ID (\6765\81ea\6587\4ef6\9644\4ef6\8868)', 'LOGIN_BACKGROUND_ID', NULL);               
CREATE MEMORY TABLE "PUBLIC"."APP_USER"(
    "ID" CHARACTER VARYING(255) NOT NULL,
    "NAME" CHARACTER VARYING(255),
    "PASSWORD" CHARACTER VARYING(255) NOT NULL,
    "PASSWORD_CHANGE_REQUIRED" BOOLEAN NOT NULL,
    "STATUS" CHARACTER VARYING(255) NOT NULL,
    "DEPARTMENT_ID" BIGINT,
    "MANAGER_ID" CHARACTER VARYING(255)
);           
ALTER TABLE "PUBLIC"."APP_USER" ADD CONSTRAINT "PUBLIC"."CONSTRAINT_76053" PRIMARY KEY("ID"); 
-- 7 +/- SELECT COUNT(*) FROM PUBLIC.APP_USER;
INSERT INTO "PUBLIC"."APP_USER" VALUES
('admin', U&'\7cfb\7edf\7ba1\7406\5458', '$2a$10$cdsTzj2JqFfjnbxibHXuautzEDgV9kwjYREciJ13SeZC3eqwAZhN6', FALSE, 'ACTIVE', 1, NULL),
('manager001', U&'\738b\7ecf\7406', '$2a$10$NhF5kgj0W15L2cfkmm822.HTsA2Ibe4gonUXwjBg6HN3SPP8RCNyi', TRUE, 'ACTIVE', 2, NULL),
('leader001', U&'\674e\4e3b\7ba1', '$2a$10$QJTkVCnDtv9haWH72jP/VOMulmMBHMFMG1EQ7AmcGKJDh7Nvz/UV6', TRUE, 'ACTIVE', 3, 'manager001'),
('worker001', U&'\5f20\4e09', '$2a$10$5vcIwAC5jdJlUULWiM688.IIyrdkTtoo3fBvvkSpFYEzWLI067bbG', TRUE, 'ACTIVE', 3, 'leader001'),
('worker002', U&'\8d75\56db', '$2a$10$okMK6aIqYC3BMBNrWqddbui92Tat2ZNjxQJYaykXPco2zh7H2fWNa', TRUE, 'ACTIVE', 6, 'manager001'),
('worker003', U&'\5b59\4e94', '$2a$10$RcXaVXgkSUN5XZZV9k/CMeTgZWBkl9CmL39c8NWPHn9Kld5ra.bsm', TRUE, 'ACTIVE', 5, 'manager001'),
('finance001', U&'\94b1\4f1a\8ba1', '$2a$10$SDvPRNb0C.pPxcWVet1D3ekFVu7GXlLQYgg/Tn3hdhqeFz3TTQrM.', TRUE, 'ACTIVE', 7, NULL);             
CREATE MEMORY TABLE "PUBLIC"."APP_USER_GROUP"(
    "ID" BIGINT GENERATED BY DEFAULT AS IDENTITY(START WITH 1 RESTART WITH 5) NOT NULL,
    "DESCRIPTION" CHARACTER VARYING(255),
    "NAME" CHARACTER VARYING(100) NOT NULL
);            
ALTER TABLE "PUBLIC"."APP_USER_GROUP" ADD CONSTRAINT "PUBLIC"."CONSTRAINT_5" PRIMARY KEY("ID");               
-- 4 +/- SELECT COUNT(*) FROM PUBLIC.APP_USER_GROUP;          
INSERT INTO "PUBLIC"."APP_USER_GROUP" VALUES
(1, U&'\5165\5e93\4e3b\7ba1\7ec4', 'INBOUND_SUPERVISORS'),
(2, U&'\8d28\68c0\7ec4', 'QC_GROUP'),
(3, U&'\5e93\5b58\4e3b\7ba1\7ec4', 'INVENTORY_MANAGERS'),
(4, U&'\8d22\52a1\5ba1\6279\7ec4', 'FINANCE_GROUP');              
CREATE MEMORY TABLE "PUBLIC"."FILE_ATTACHMENT"(
    "ID" BIGINT GENERATED BY DEFAULT AS IDENTITY(START WITH 1) NOT NULL,
    "CONTENT_TYPE" CHARACTER VARYING(255) NOT NULL,
    "ORIGINAL_FILENAME" CHARACTER VARYING(255) NOT NULL,
    "SIZE" BIGINT NOT NULL,
    "STATUS" CHARACTER VARYING(255) NOT NULL,
    "STORED_FILENAME" CHARACTER VARYING(255) NOT NULL,
    "UPLOADED_AT" TIMESTAMP(6),
    "UPLOADER_ID" CHARACTER VARYING(255) NOT NULL,
    "SUBMISSION_ID" BIGINT
);             
ALTER TABLE "PUBLIC"."FILE_ATTACHMENT" ADD CONSTRAINT "PUBLIC"."CONSTRAINT_C4" PRIMARY KEY("ID");             
-- 0 +/- SELECT COUNT(*) FROM PUBLIC.FILE_ATTACHMENT;         
CREATE MEMORY TABLE "PUBLIC"."FORM_DEFINITION"(
    "ID" BIGINT GENERATED BY DEFAULT AS IDENTITY(START WITH 1) NOT NULL,
    "CREATED_AT" TIMESTAMP(6),
    "NAME" CHARACTER VARYING(255) NOT NULL,
    "SCHEMA_JSON" CHARACTER VARYING NOT NULL,
    "UPDATED_AT" TIMESTAMP(6)
);      
ALTER TABLE "PUBLIC"."FORM_DEFINITION" ADD CONSTRAINT "PUBLIC"."CONSTRAINT_1D" PRIMARY KEY("ID");             
-- 0 +/- SELECT COUNT(*) FROM PUBLIC.FORM_DEFINITION;         
CREATE MEMORY TABLE "PUBLIC"."FORM_SUBMISSION"(
    "ID" BIGINT GENERATED BY DEFAULT AS IDENTITY(START WITH 1) NOT NULL,
    "CREATED_AT" TIMESTAMP(6),
    "DATA_JSON" CHARACTER VARYING NOT NULL,
    "SUBMITTER_ID" CHARACTER VARYING(255),
    "FORM_DEFINITION_ID" BIGINT NOT NULL
);              
ALTER TABLE "PUBLIC"."FORM_SUBMISSION" ADD CONSTRAINT "PUBLIC"."CONSTRAINT_DD" PRIMARY KEY("ID");             
-- 0 +/- SELECT COUNT(*) FROM PUBLIC.FORM_SUBMISSION;         
CREATE MEMORY TABLE "PUBLIC"."LOGIN_LOG"(
    "ID" BIGINT GENERATED BY DEFAULT AS IDENTITY(START WITH 1 RESTART WITH 2) NOT NULL,
    "FAILURE_REASON" CHARACTER VARYING(512),
    "IP_ADDRESS" CHARACTER VARYING(255),
    "LOGIN_TIME" TIMESTAMP(6) NOT NULL,
    "STATUS" CHARACTER VARYING(255) NOT NULL,
    "USER_AGENT" CHARACTER VARYING(512),
    "USER_ID" CHARACTER VARYING(255) NOT NULL
);               
ALTER TABLE "PUBLIC"."LOGIN_LOG" ADD CONSTRAINT "PUBLIC"."CONSTRAINT_3F" PRIMARY KEY("ID");   
-- 1 +/- SELECT COUNT(*) FROM PUBLIC.LOGIN_LOG;               
INSERT INTO "PUBLIC"."LOGIN_LOG" VALUES
(1, NULL, '0:0:0:0:0:0:0:1', TIMESTAMP '2025-08-21 19:08:59.668891', 'SUCCESS', 'Mozilla/5.0 (Windows NT 10.0; Win64; x64) AppleWebKit/537.36 (KHTML, like Gecko) Chrome/139.0.0.0 Safari/537.36', 'admin');         
CREATE MEMORY TABLE "PUBLIC"."MENU_ROLES"(
    "MENU_ID" BIGINT NOT NULL,
    "ROLE_ID" BIGINT NOT NULL
); 
ALTER TABLE "PUBLIC"."MENU_ROLES" ADD CONSTRAINT "PUBLIC"."CONSTRAINT_4" PRIMARY KEY("MENU_ID", "ROLE_ID");   
-- 0 +/- SELECT COUNT(*) FROM PUBLIC.MENU_ROLES;              
CREATE MEMORY TABLE "PUBLIC"."OPERATION_LOG"(
    "ID" BIGINT GENERATED BY DEFAULT AS IDENTITY(START WITH 1 RESTART WITH 15) NOT NULL,
    "ACTION" CHARACTER VARYING(255) NOT NULL,
    "DETAILS" CHARACTER VARYING,
    "IP_ADDRESS" CHARACTER VARYING(255),
    "MODULE" CHARACTER VARYING(255) NOT NULL,
    "OPERATION_TIME" TIMESTAMP(6) NOT NULL,
    "OPERATOR_ID" CHARACTER VARYING(255),
    "OPERATOR_NAME" CHARACTER VARYING(255),
    "TARGET_ID" CHARACTER VARYING(255)
);            
ALTER TABLE "PUBLIC"."OPERATION_LOG" ADD CONSTRAINT "PUBLIC"."CONSTRAINT_B" PRIMARY KEY("ID");
-- 14 +/- SELECT COUNT(*) FROM PUBLIC.OPERATION_LOG;          
INSERT INTO "PUBLIC"."OPERATION_LOG" VALUES
(1, U&'\521b\5efa\89d2\8272', U&'{"roleDto":{"id":null,"name":"TEAM_LEADER","description":"\7ec4\957f/\4e3b\7ba1"}}', '0:0:0:0:0:0:0:1', U&'\89d2\8272\7ba1\7406', TIMESTAMP '2025-08-21 19:11:51.508789', 'admin', U&'\7cfb\7edf\7ba1\7406\5458', NULL),
(2, U&'\521b\5efa\89d2\8272', U&'{"roleDto":{"id":null,"name":"QC_INSPECTOR","description":"\8d28\68c0\5458"}}', '0:0:0:0:0:0:0:1', U&'\89d2\8272\7ba1\7406', TIMESTAMP '2025-08-21 19:12:03.455302', 'admin', U&'\7cfb\7edf\7ba1\7406\5458', NULL),
(3, U&'\521b\5efa\89d2\8272', U&'{"roleDto":{"id":null,"name":"FINANCE_APPROVER","description":"\8d22\52a1\5ba1\6279\5458"}}', '0:0:0:0:0:0:0:1', U&'\89d2\8272\7ba1\7406', TIMESTAMP '2025-08-21 19:12:14.351529', 'admin', U&'\7cfb\7edf\7ba1\7406\5458', NULL),
(4, U&'\66f4\65b0\89d2\8272', U&'{"roleDto":{"id":5,"name":"FINANCE_APPROVER","description":"\8d22\52a1\5ba1\6279\5458 (\7528\4e8e\9ad8\4ef7\503c\8d44\4ea7\5904\7406)"},"id":5}', '0:0:0:0:0:0:0:1', U&'\89d2\8272\7ba1\7406', TIMESTAMP '2025-08-21 19:12:26.762178', 'admin', U&'\7cfb\7edf\7ba1\7406\5458', '5'),
(5, U&'\521b\5efa\7528\6237\7ec4', U&'{"groupDto":{"id":null,"name":"INBOUND_SUPERVISORS","description":"\5165\5e93\4e3b\7ba1\7ec4"}}', '0:0:0:0:0:0:0:1', U&'\7528\6237\7ec4\7ba1\7406', TIMESTAMP '2025-08-21 19:12:45.597139', 'admin', U&'\7cfb\7edf\7ba1\7406\5458', NULL),
(6, U&'\521b\5efa\7528\6237\7ec4', U&'{"groupDto":{"id":null,"name":"QC_GROUP","description":"\8d28\68c0\7ec4"}}', '0:0:0:0:0:0:0:1', U&'\7528\6237\7ec4\7ba1\7406', TIMESTAMP '2025-08-21 19:12:52.168703', 'admin', U&'\7cfb\7edf\7ba1\7406\5458', NULL),
(7, U&'\521b\5efa\7528\6237\7ec4', U&'{"groupDto":{"id":null,"name":"INVENTORY_MANAGERS","description":"\5e93\5b58\4e3b\7ba1\7ec4"}}', '0:0:0:0:0:0:0:1', U&'\7528\6237\7ec4\7ba1\7406', TIMESTAMP '2025-08-21 19:12:59.484594', 'admin', U&'\7cfb\7edf\7ba1\7406\5458', NULL),
(8, U&'\521b\5efa\7528\6237\7ec4', U&'{"groupDto":{"id":null,"name":"FINANCE_GROUP","description":"\8d22\52a1\5ba1\6279\7ec4"}}', '0:0:0:0:0:0:0:1', U&'\7528\6237\7ec4\7ba1\7406', TIMESTAMP '2025-08-21 19:13:06.568426', 'admin', U&'\7cfb\7edf\7ba1\7406\5458', NULL),
(9, U&'\521b\5efa\7528\6237', U&'{"userDto":{"id":"manager001","name":"\738b\7ecf\7406","managerId":null,"departmentId":2,"departmentName":null,"status":null,"roleNames":["ADMIN","USER","TEAM_LEADER"],"groupNames":["INBOUND_SUPERVISORS"]}}', '0:0:0:0:0:0:0:1', U&'\7528\6237\7ba1\7406', TIMESTAMP '2025-08-21 19:14:44.946112', 'admin', U&'\7cfb\7edf\7ba1\7406\5458', NULL),
(10, U&'\521b\5efa\7528\6237', U&'{"userDto":{"id":"leader001","name":"\674e\4e3b\7ba1","managerId":"manager001","departmentId":3,"departmentName":null,"status":null,"roleNames":["USER","TEAM_LEADER"],"groupNames":["INVENTORY_MANAGERS"]}}', '0:0:0:0:0:0:0:1', U&'\7528\6237\7ba1\7406', TIMESTAMP '2025-08-21 19:15:55.095234', 'admin', U&'\7cfb\7edf\7ba1\7406\5458', NULL),
(11, U&'\521b\5efa\7528\6237', U&'{"userDto":{"id":"worker001","name":"\5f20\4e09","managerId":"leader001","departmentId":3,"departmentName":null,"status":null,"roleNames":["USER"],"groupNames":[]}}', '0:0:0:0:0:0:0:1', U&'\7528\6237\7ba1\7406', TIMESTAMP '2025-08-21 19:16:58.962508', 'admin', U&'\7cfb\7edf\7ba1\7406\5458', NULL),
(12, U&'\521b\5efa\7528\6237', U&'{"userDto":{"id":"worker002","name":"\8d75\56db","managerId":"manager001","departmentId":6,"departmentName":null,"status":null,"roleNames":["USER","QC_INSPECTOR"],"groupNames":["QC_GROUP"]}}', '0:0:0:0:0:0:0:1', U&'\7528\6237\7ba1\7406', TIMESTAMP '2025-08-21 19:17:30.209912', 'admin', U&'\7cfb\7edf\7ba1\7406\5458', NULL),
(13, U&'\521b\5efa\7528\6237', U&'{"userDto":{"id":"worker003","name":"\5b59\4e94","managerId":"manager001","departmentId":5,"departmentName":null,"status":null,"roleNames":["USER"],"groupNames":[]}}', '0:0:0:0:0:0:0:1', U&'\7528\6237\7ba1\7406', TIMESTAMP '2025-08-21 19:17:54.274795', 'admin', U&'\7cfb\7edf\7ba1\7406\5458', NULL),
(14, U&'\521b\5efa\7528\6237', U&'{"userDto":{"id":"finance001","name":"\94b1\4f1a\8ba1","managerId":null,"departmentId":7,"departmentName":null,"status":null,"roleNames":["USER","FINANCE_APPROVER"],"groupNames":["FINANCE_GROUP"]}}', '0:0:0:0:0:0:0:1', U&'\7528\6237\7ba1\7406', TIMESTAMP '2025-08-21 19:22:33.964366', 'admin', U&'\7cfb\7edf\7ba1\7406\5458', NULL);          
CREATE MEMORY TABLE "PUBLIC"."TASK"(
    "ID" BIGINT GENERATED BY DEFAULT AS IDENTITY(START WITH 1) NOT NULL,
    "CAMUNDA_TASK_ID" CHARACTER VARYING(255),
    "COMMENT" CHARACTER VARYING,
    "COMPLETED_AT" TIMESTAMP(6),
    "CREATED_AT" TIMESTAMP(6),
    "DECISION" CHARACTER VARYING(255),
    "STATUS" CHARACTER VARYING(255),
    "STEP_NAME" CHARACTER VARYING(255) NOT NULL,
    "ASSIGNEE_ID" CHARACTER VARYING(255) NOT NULL,
    "INSTANCE_ID" BIGINT NOT NULL
);  
ALTER TABLE "PUBLIC"."TASK" ADD CONSTRAINT "PUBLIC"."CONSTRAINT_272" PRIMARY KEY("ID");       
-- 0 +/- SELECT COUNT(*) FROM PUBLIC.TASK;    
CREATE MEMORY TABLE "PUBLIC"."USER_GROUPS"(
    "USER_ID" CHARACTER VARYING(255) NOT NULL,
    "GROUP_ID" BIGINT NOT NULL
);               
ALTER TABLE "PUBLIC"."USER_GROUPS" ADD CONSTRAINT "PUBLIC"."CONSTRAINT_F" PRIMARY KEY("USER_ID", "GROUP_ID"); 
-- 4 +/- SELECT COUNT(*) FROM PUBLIC.USER_GROUPS;             
INSERT INTO "PUBLIC"."USER_GROUPS" VALUES
('manager001', 1),
('leader001', 3),
('worker002', 2),
('finance001', 4);       
CREATE MEMORY TABLE "PUBLIC"."USER_ROLES"(
    "USER_ID" CHARACTER VARYING(255) NOT NULL,
    "ROLE_ID" BIGINT NOT NULL
); 
ALTER TABLE "PUBLIC"."USER_ROLES" ADD CONSTRAINT "PUBLIC"."CONSTRAINT_C6" PRIMARY KEY("USER_ID", "ROLE_ID");  
-- 13 +/- SELECT COUNT(*) FROM PUBLIC.USER_ROLES;             
INSERT INTO "PUBLIC"."USER_ROLES" VALUES
('admin', 1),
('admin', 2),
('manager001', 1),
('manager001', 2),
('manager001', 3),
('leader001', 2),
('leader001', 3),
('worker001', 2),
('worker002', 2),
('worker002', 4),
('worker003', 2),
('finance001', 5),
('finance001', 2);  
CREATE MEMORY TABLE "PUBLIC"."WORKFLOW_INSTANCE"(
    "ID" BIGINT GENERATED BY DEFAULT AS IDENTITY(START WITH 1) NOT NULL,
    "COMPLETED_AT" TIMESTAMP(6),
    "CREATED_AT" TIMESTAMP(6),
    "PROCESS_INSTANCE_ID" CHARACTER VARYING(255) NOT NULL,
    "STATUS" CHARACTER VARYING(255) NOT NULL,
    "SUBMISSION_ID" BIGINT NOT NULL,
    "TEMPLATE_ID" BIGINT NOT NULL
);         
ALTER TABLE "PUBLIC"."WORKFLOW_INSTANCE" ADD CONSTRAINT "PUBLIC"."CONSTRAINT_C73" PRIMARY KEY("ID");          
-- 0 +/- SELECT COUNT(*) FROM PUBLIC.WORKFLOW_INSTANCE;       
CREATE MEMORY TABLE "PUBLIC"."WORKFLOW_TEMPLATE"(
    "ID" BIGINT GENERATED BY DEFAULT AS IDENTITY(START WITH 1) NOT NULL,
    "BPMN_XML" CHARACTER VARYING NOT NULL,
    "CAMUNDA_DEPLOYMENT_ID" CHARACTER VARYING(255),
    "CREATED_AT" TIMESTAMP(6),
    "PROCESS_DEFINITION_KEY" CHARACTER VARYING(255),
    "UPDATED_AT" TIMESTAMP(6),
    "FORM_DEFINITION_ID" BIGINT
);       
ALTER TABLE "PUBLIC"."WORKFLOW_TEMPLATE" ADD CONSTRAINT "PUBLIC"."CONSTRAINT_57" PRIMARY KEY("ID");           
-- 0 +/- SELECT COUNT(*) FROM PUBLIC.WORKFLOW_TEMPLATE;       
CREATE MEMORY TABLE "PUBLIC"."ACT_GE_PROPERTY"(
    "NAME_" CHARACTER VARYING(64) NOT NULL,
    "VALUE_" CHARACTER VARYING(300),
    "REV_" INTEGER
);    
ALTER TABLE "PUBLIC"."ACT_GE_PROPERTY" ADD CONSTRAINT "PUBLIC"."CONSTRAINT_27B" PRIMARY KEY("NAME_");         
-- 11 +/- SELECT COUNT(*) FROM PUBLIC.ACT_GE_PROPERTY;        
INSERT INTO "PUBLIC"."ACT_GE_PROPERTY" VALUES
('schema.version', 'fox', 1),
('schema.history', 'create(fox)', 1),
('next.dbid', '1', 1),
('deployment.lock', '0', 1),
('history.cleanup.job.lock', '0', 1),
('startup.lock', '0', 1),
('telemetry.lock', '0', 1),
('installationId.lock', '0', 1),
('historyLevel', '3', 1),
('camunda.installation.id', 'cd5fab10-c21d-4aeb-9a39-5be2236739a3', 1),
('camunda.telemetry.enabled', 'false', 1);    
CREATE MEMORY TABLE "PUBLIC"."ACT_GE_BYTEARRAY"(
    "ID_" CHARACTER VARYING(64) NOT NULL,
    "REV_" INTEGER,
    "NAME_" CHARACTER VARYING(255),
    "DEPLOYMENT_ID_" CHARACTER VARYING(64),
    "BYTES_" BINARY LARGE OBJECT,
    "GENERATED_" BOOLEAN,
    "TENANT_ID_" CHARACTER VARYING(64),
    "TYPE_" INTEGER,
    "CREATE_TIME_" TIMESTAMP,
    "ROOT_PROC_INST_ID_" CHARACTER VARYING(64),
    "REMOVAL_TIME_" TIMESTAMP
);            
ALTER TABLE "PUBLIC"."ACT_GE_BYTEARRAY" ADD CONSTRAINT "PUBLIC"."CONSTRAINT_8" PRIMARY KEY("ID_");            
-- 0 +/- SELECT COUNT(*) FROM PUBLIC.ACT_GE_BYTEARRAY;        
CREATE INDEX "PUBLIC"."ACT_IDX_BYTEARRAY_ROOT_PI" ON "PUBLIC"."ACT_GE_BYTEARRAY"("ROOT_PROC_INST_ID_" NULLS FIRST);           
CREATE INDEX "PUBLIC"."ACT_IDX_BYTEARRAY_RM_TIME" ON "PUBLIC"."ACT_GE_BYTEARRAY"("REMOVAL_TIME_" NULLS FIRST);
CREATE INDEX "PUBLIC"."ACT_IDX_BYTEARRAY_NAME" ON "PUBLIC"."ACT_GE_BYTEARRAY"("NAME_" NULLS FIRST);           
CREATE MEMORY TABLE "PUBLIC"."ACT_GE_SCHEMA_LOG"(
    "ID_" CHARACTER VARYING(64) NOT NULL,
    "TIMESTAMP_" TIMESTAMP,
    "VERSION_" CHARACTER VARYING(255)
);          
ALTER TABLE "PUBLIC"."ACT_GE_SCHEMA_LOG" ADD CONSTRAINT "PUBLIC"."CONSTRAINT_4D" PRIMARY KEY("ID_");          
-- 1 +/- SELECT COUNT(*) FROM PUBLIC.ACT_GE_SCHEMA_LOG;       
INSERT INTO "PUBLIC"."ACT_GE_SCHEMA_LOG" VALUES
('0', TIMESTAMP '2025-08-21 19:08:53.175699', '7.21.0');     
CREATE MEMORY TABLE "PUBLIC"."ACT_RE_DEPLOYMENT"(
    "ID_" CHARACTER VARYING(64) NOT NULL,
    "NAME_" CHARACTER VARYING(255),
    "DEPLOY_TIME_" TIMESTAMP,
    "SOURCE_" CHARACTER VARYING(255),
    "TENANT_ID_" CHARACTER VARYING(64)
);           
ALTER TABLE "PUBLIC"."ACT_RE_DEPLOYMENT" ADD CONSTRAINT "PUBLIC"."CONSTRAINT_1B" PRIMARY KEY("ID_");          
-- 0 +/- SELECT COUNT(*) FROM PUBLIC.ACT_RE_DEPLOYMENT;       
CREATE INDEX "PUBLIC"."ACT_IDX_DEPLOYMENT_NAME" ON "PUBLIC"."ACT_RE_DEPLOYMENT"("NAME_" NULLS FIRST);         
CREATE INDEX "PUBLIC"."ACT_IDX_DEPLOYMENT_TENANT_ID" ON "PUBLIC"."ACT_RE_DEPLOYMENT"("TENANT_ID_" NULLS FIRST);               
CREATE MEMORY TABLE "PUBLIC"."ACT_RU_EXECUTION"(
    "ID_" CHARACTER VARYING(64) NOT NULL,
    "REV_" INTEGER,
    "ROOT_PROC_INST_ID_" CHARACTER VARYING(64),
    "PROC_INST_ID_" CHARACTER VARYING(64),
    "BUSINESS_KEY_" CHARACTER VARYING(255),
    "PARENT_ID_" CHARACTER VARYING(64),
    "PROC_DEF_ID_" CHARACTER VARYING(64),
    "SUPER_EXEC_" CHARACTER VARYING(64),
    "SUPER_CASE_EXEC_" CHARACTER VARYING(64),
    "CASE_INST_ID_" CHARACTER VARYING(64),
    "ACT_INST_ID_" CHARACTER VARYING(64),
    "ACT_ID_" CHARACTER VARYING(255),
    "IS_ACTIVE_" BOOLEAN,
    "IS_CONCURRENT_" BOOLEAN,
    "IS_SCOPE_" BOOLEAN,
    "IS_EVENT_SCOPE_" BOOLEAN,
    "SUSPENSION_STATE_" INTEGER,
    "CACHED_ENT_STATE_" INTEGER,
    "SEQUENCE_COUNTER_" INTEGER,
    "TENANT_ID_" CHARACTER VARYING(64)
);   
ALTER TABLE "PUBLIC"."ACT_RU_EXECUTION" ADD CONSTRAINT "PUBLIC"."CONSTRAINT_5D" PRIMARY KEY("ID_");           
-- 0 +/- SELECT COUNT(*) FROM PUBLIC.ACT_RU_EXECUTION;        
CREATE INDEX "PUBLIC"."ACT_IDX_EXEC_ROOT_PI" ON "PUBLIC"."ACT_RU_EXECUTION"("ROOT_PROC_INST_ID_" NULLS FIRST);
CREATE INDEX "PUBLIC"."ACT_IDX_EXEC_BUSKEY" ON "PUBLIC"."ACT_RU_EXECUTION"("BUSINESS_KEY_" NULLS FIRST);      
CREATE INDEX "PUBLIC"."ACT_IDX_EXEC_TENANT_ID" ON "PUBLIC"."ACT_RU_EXECUTION"("TENANT_ID_" NULLS FIRST);      
CREATE MEMORY TABLE "PUBLIC"."ACT_RU_JOB"(
    "ID_" CHARACTER VARYING(64) NOT NULL,
    "REV_" INTEGER,
    "TYPE_" CHARACTER VARYING(255) NOT NULL,
    "LOCK_EXP_TIME_" TIMESTAMP,
    "LOCK_OWNER_" CHARACTER VARYING(255),
    "EXCLUSIVE_" BOOLEAN,
    "EXECUTION_ID_" CHARACTER VARYING(64),
    "ROOT_PROC_INST_ID_" CHARACTER VARYING(64),
    "PROCESS_INSTANCE_ID_" CHARACTER VARYING(64),
    "PROCESS_DEF_ID_" CHARACTER VARYING(64),
    "PROCESS_DEF_KEY_" CHARACTER VARYING(255),
    "RETRIES_" INTEGER,
    "EXCEPTION_STACK_ID_" CHARACTER VARYING(64),
    "EXCEPTION_MSG_" CHARACTER VARYING(4000),
    "FAILED_ACT_ID_" CHARACTER VARYING(255),
    "DUEDATE_" TIMESTAMP,
    "REPEAT_" CHARACTER VARYING(255),
    "REPEAT_OFFSET_" BIGINT DEFAULT 0,
    "HANDLER_TYPE_" CHARACTER VARYING(255),
    "HANDLER_CFG_" CHARACTER VARYING(4000),
    "DEPLOYMENT_ID_" CHARACTER VARYING(64),
    "SUSPENSION_STATE_" INTEGER DEFAULT 1 NOT NULL,
    "JOB_DEF_ID_" CHARACTER VARYING(64),
    "PRIORITY_" BIGINT DEFAULT 0 NOT NULL,
    "SEQUENCE_COUNTER_" INTEGER,
    "TENANT_ID_" CHARACTER VARYING(64),
    "CREATE_TIME_" TIMESTAMP,
    "LAST_FAILURE_LOG_ID_" CHARACTER VARYING(64)
);             
ALTER TABLE "PUBLIC"."ACT_RU_JOB" ADD CONSTRAINT "PUBLIC"."CONSTRAINT_1C" PRIMARY KEY("ID_"); 
-- 0 +/- SELECT COUNT(*) FROM PUBLIC.ACT_RU_JOB;              
CREATE INDEX "PUBLIC"."ACT_IDX_JOB_EXECUTION_ID" ON "PUBLIC"."ACT_RU_JOB"("EXECUTION_ID_" NULLS FIRST);       
CREATE INDEX "PUBLIC"."ACT_IDX_JOB_HANDLER" ON "PUBLIC"."ACT_RU_JOB"("HANDLER_TYPE_" NULLS FIRST, "HANDLER_CFG_" NULLS FIRST);
CREATE INDEX "PUBLIC"."ACT_IDX_JOB_PROCINST" ON "PUBLIC"."ACT_RU_JOB"("PROCESS_INSTANCE_ID_" NULLS FIRST);    
CREATE INDEX "PUBLIC"."ACT_IDX_JOB_ROOT_PROCINST" ON "PUBLIC"."ACT_RU_JOB"("ROOT_PROC_INST_ID_" NULLS FIRST); 
CREATE INDEX "PUBLIC"."ACT_IDX_JOB_TENANT_ID" ON "PUBLIC"."ACT_RU_JOB"("TENANT_ID_" NULLS FIRST);             
CREATE INDEX "PUBLIC"."ACT_IDX_JOB_JOB_DEF_ID" ON "PUBLIC"."ACT_RU_JOB"("JOB_DEF_ID_" NULLS FIRST);           
CREATE INDEX "PUBLIC"."ACT_IDX_JOB_HANDLER_TYPE" ON "PUBLIC"."ACT_RU_JOB"("HANDLER_TYPE_" NULLS FIRST);       
CREATE MEMORY TABLE "PUBLIC"."ACT_RU_JOBDEF"(
    "ID_" CHARACTER VARYING(64) NOT NULL,
    "REV_" INTEGER,
    "PROC_DEF_ID_" CHARACTER VARYING(64),
    "PROC_DEF_KEY_" CHARACTER VARYING(255),
    "ACT_ID_" CHARACTER VARYING(255),
    "JOB_TYPE_" CHARACTER VARYING(255) NOT NULL,
    "JOB_CONFIGURATION_" CHARACTER VARYING(255),
    "SUSPENSION_STATE_" INTEGER,
    "JOB_PRIORITY_" BIGINT,
    "TENANT_ID_" CHARACTER VARYING(64),
    "DEPLOYMENT_ID_" CHARACTER VARYING(64)
);      
ALTER TABLE "PUBLIC"."ACT_RU_JOBDEF" ADD CONSTRAINT "PUBLIC"."CONSTRAINT_34" PRIMARY KEY("ID_");              
-- 0 +/- SELECT COUNT(*) FROM PUBLIC.ACT_RU_JOBDEF;           
CREATE INDEX "PUBLIC"."ACT_IDX_JOBDEF_TENANT_ID" ON "PUBLIC"."ACT_RU_JOBDEF"("TENANT_ID_" NULLS FIRST);       
CREATE INDEX "PUBLIC"."ACT_IDX_JOBDEF_PROC_DEF_ID" ON "PUBLIC"."ACT_RU_JOBDEF"("PROC_DEF_ID_" NULLS FIRST);   
CREATE MEMORY TABLE "PUBLIC"."ACT_RE_PROCDEF"(
    "ID_" CHARACTER VARYING(64) NOT NULL,
    "REV_" INTEGER,
    "CATEGORY_" CHARACTER VARYING(255),
    "NAME_" CHARACTER VARYING(255),
    "KEY_" CHARACTER VARYING(255) NOT NULL,
    "VERSION_" INTEGER NOT NULL,
    "DEPLOYMENT_ID_" CHARACTER VARYING(64),
    "RESOURCE_NAME_" CHARACTER VARYING(4000),
    "DGRM_RESOURCE_NAME_" CHARACTER VARYING(4000),
    "HAS_START_FORM_KEY_" BOOLEAN,
    "SUSPENSION_STATE_" INTEGER,
    "TENANT_ID_" CHARACTER VARYING(64),
    "VERSION_TAG_" CHARACTER VARYING(64),
    "HISTORY_TTL_" INTEGER,
    "STARTABLE_" BOOLEAN DEFAULT TRUE NOT NULL
);        
ALTER TABLE "PUBLIC"."ACT_RE_PROCDEF" ADD CONSTRAINT "PUBLIC"."CONSTRAINT_6" PRIMARY KEY("ID_");              
-- 0 +/- SELECT COUNT(*) FROM PUBLIC.ACT_RE_PROCDEF;          
CREATE INDEX "PUBLIC"."ACT_IDX_PROCDEF_DEPLOYMENT_ID" ON "PUBLIC"."ACT_RE_PROCDEF"("DEPLOYMENT_ID_" NULLS FIRST);             
CREATE INDEX "PUBLIC"."ACT_IDX_PROCDEF_TENANT_ID" ON "PUBLIC"."ACT_RE_PROCDEF"("TENANT_ID_" NULLS FIRST);     
CREATE INDEX "PUBLIC"."ACT_IDX_PROCDEF_VER_TAG" ON "PUBLIC"."ACT_RE_PROCDEF"("VERSION_TAG_" NULLS FIRST);     
CREATE MEMORY TABLE "PUBLIC"."ACT_RE_CAMFORMDEF"(
    "ID_" CHARACTER VARYING(64) NOT NULL,
    "REV_" INTEGER,
    "KEY_" CHARACTER VARYING(255) NOT NULL,
    "VERSION_" INTEGER NOT NULL,
    "DEPLOYMENT_ID_" CHARACTER VARYING(64),
    "RESOURCE_NAME_" CHARACTER VARYING(4000),
    "TENANT_ID_" CHARACTER VARYING(64)
);      
ALTER TABLE "PUBLIC"."ACT_RE_CAMFORMDEF" ADD CONSTRAINT "PUBLIC"."CONSTRAINT_61" PRIMARY KEY("ID_");          
-- 0 +/- SELECT COUNT(*) FROM PUBLIC.ACT_RE_CAMFORMDEF;       
CREATE MEMORY TABLE "PUBLIC"."ACT_RU_TASK"(
    "ID_" CHARACTER VARYING(64) NOT NULL,
    "REV_" INTEGER,
    "EXECUTION_ID_" CHARACTER VARYING(64),
    "PROC_INST_ID_" CHARACTER VARYING(64),
    "PROC_DEF_ID_" CHARACTER VARYING(64),
    "CASE_EXECUTION_ID_" CHARACTER VARYING(64),
    "CASE_INST_ID_" CHARACTER VARYING(64),
    "CASE_DEF_ID_" CHARACTER VARYING(64),
    "NAME_" CHARACTER VARYING(255),
    "PARENT_TASK_ID_" CHARACTER VARYING(64),
    "DESCRIPTION_" CHARACTER VARYING(4000),
    "TASK_DEF_KEY_" CHARACTER VARYING(255),
    "OWNER_" CHARACTER VARYING(255),
    "ASSIGNEE_" CHARACTER VARYING(255),
    "DELEGATION_" CHARACTER VARYING(64),
    "PRIORITY_" INTEGER,
    "CREATE_TIME_" TIMESTAMP,
    "LAST_UPDATED_" TIMESTAMP,
    "DUE_DATE_" TIMESTAMP,
    "FOLLOW_UP_DATE_" TIMESTAMP,
    "SUSPENSION_STATE_" INTEGER,
    "TENANT_ID_" CHARACTER VARYING(64)
);             
ALTER TABLE "PUBLIC"."ACT_RU_TASK" ADD CONSTRAINT "PUBLIC"."CONSTRAINT_78" PRIMARY KEY("ID_");
-- 0 +/- SELECT COUNT(*) FROM PUBLIC.ACT_RU_TASK;             
CREATE INDEX "PUBLIC"."ACT_IDX_TASK_CREATE" ON "PUBLIC"."ACT_RU_TASK"("CREATE_TIME_" NULLS FIRST);            
CREATE INDEX "PUBLIC"."ACT_IDX_TASK_LAST_UPDATED" ON "PUBLIC"."ACT_RU_TASK"("LAST_UPDATED_" NULLS FIRST);     
CREATE INDEX "PUBLIC"."ACT_IDX_TASK_ASSIGNEE" ON "PUBLIC"."ACT_RU_TASK"("ASSIGNEE_" NULLS FIRST);             
CREATE INDEX "PUBLIC"."ACT_IDX_TASK_OWNER" ON "PUBLIC"."ACT_RU_TASK"("OWNER_" NULLS FIRST);   
CREATE INDEX "PUBLIC"."ACT_IDX_TASK_TENANT_ID" ON "PUBLIC"."ACT_RU_TASK"("TENANT_ID_" NULLS FIRST);           
CREATE MEMORY TABLE "PUBLIC"."ACT_RU_IDENTITYLINK"(
    "ID_" CHARACTER VARYING(64) NOT NULL,
    "REV_" INTEGER,
    "GROUP_ID_" CHARACTER VARYING(255),
    "TYPE_" CHARACTER VARYING(255),
    "USER_ID_" CHARACTER VARYING(255),
    "TASK_ID_" CHARACTER VARYING(64),
    "PROC_DEF_ID_" CHARACTER VARYING(64),
    "TENANT_ID_" CHARACTER VARYING(64)
);       
ALTER TABLE "PUBLIC"."ACT_RU_IDENTITYLINK" ADD CONSTRAINT "PUBLIC"."CONSTRAINT_A" PRIMARY KEY("ID_");         
-- 0 +/- SELECT COUNT(*) FROM PUBLIC.ACT_RU_IDENTITYLINK;     
CREATE INDEX "PUBLIC"."ACT_IDX_IDENT_LNK_USER" ON "PUBLIC"."ACT_RU_IDENTITYLINK"("USER_ID_" NULLS FIRST);     
CREATE INDEX "PUBLIC"."ACT_IDX_IDENT_LNK_GROUP" ON "PUBLIC"."ACT_RU_IDENTITYLINK"("GROUP_ID_" NULLS FIRST);   
CREATE INDEX "PUBLIC"."ACT_IDX_ATHRZ_PROCEDEF" ON "PUBLIC"."ACT_RU_IDENTITYLINK"("PROC_DEF_ID_" NULLS FIRST); 
CREATE MEMORY TABLE "PUBLIC"."ACT_RU_VARIABLE"(
    "ID_" CHARACTER VARYING(64) NOT NULL,
    "REV_" INTEGER,
    "TYPE_" CHARACTER VARYING(255) NOT NULL,
    "NAME_" CHARACTER VARYING(255) NOT NULL,
    "EXECUTION_ID_" CHARACTER VARYING(64),
    "PROC_INST_ID_" CHARACTER VARYING(64),
    "PROC_DEF_ID_" CHARACTER VARYING(64),
    "CASE_EXECUTION_ID_" CHARACTER VARYING(64),
    "CASE_INST_ID_" CHARACTER VARYING(64),
    "TASK_ID_" CHARACTER VARYING(64),
    "BATCH_ID_" CHARACTER VARYING(64),
    "BYTEARRAY_ID_" CHARACTER VARYING(64),
    "DOUBLE_" DOUBLE PRECISION,
    "LONG_" BIGINT,
    "TEXT_" CHARACTER VARYING(4000),
    "TEXT2_" CHARACTER VARYING(4000),
    "VAR_SCOPE_" CHARACTER VARYING(64) NOT NULL,
    "SEQUENCE_COUNTER_" INTEGER,
    "IS_CONCURRENT_LOCAL_" BOOLEAN,
    "TENANT_ID_" CHARACTER VARYING(64)
);
ALTER TABLE "PUBLIC"."ACT_RU_VARIABLE" ADD CONSTRAINT "PUBLIC"."CONSTRAINT_C2" PRIMARY KEY("ID_");            
-- 0 +/- SELECT COUNT(*) FROM PUBLIC.ACT_RU_VARIABLE;         
CREATE INDEX "PUBLIC"."ACT_IDX_VARIABLE_TASK_ID" ON "PUBLIC"."ACT_RU_VARIABLE"("TASK_ID_" NULLS FIRST);       
CREATE INDEX "PUBLIC"."ACT_IDX_VARIABLE_TENANT_ID" ON "PUBLIC"."ACT_RU_VARIABLE"("TENANT_ID_" NULLS FIRST);   
CREATE INDEX "PUBLIC"."ACT_IDX_VARIABLE_TASK_NAME_TYPE" ON "PUBLIC"."ACT_RU_VARIABLE"("TASK_ID_" NULLS FIRST, "NAME_" NULLS FIRST, "TYPE_" NULLS FIRST);      
CREATE INDEX "PUBLIC"."ACT_IDX_BATCH_ID" ON "PUBLIC"."ACT_RU_VARIABLE"("BATCH_ID_" NULLS FIRST);              
CREATE MEMORY TABLE "PUBLIC"."ACT_RU_EVENT_SUBSCR"(
    "ID_" CHARACTER VARYING(64) NOT NULL,
    "REV_" INTEGER,
    "EVENT_TYPE_" CHARACTER VARYING(255) NOT NULL,
    "EVENT_NAME_" CHARACTER VARYING(255),
    "EXECUTION_ID_" CHARACTER VARYING(64),
    "PROC_INST_ID_" CHARACTER VARYING(64),
    "ACTIVITY_ID_" CHARACTER VARYING(255),
    "CONFIGURATION_" CHARACTER VARYING(255),
    "CREATED_" TIMESTAMP NOT NULL,
    "TENANT_ID_" CHARACTER VARYING(64)
);          
ALTER TABLE "PUBLIC"."ACT_RU_EVENT_SUBSCR" ADD CONSTRAINT "PUBLIC"."CONSTRAINT_86" PRIMARY KEY("ID_");        
-- 0 +/- SELECT COUNT(*) FROM PUBLIC.ACT_RU_EVENT_SUBSCR;     
CREATE INDEX "PUBLIC"."ACT_IDX_EVENT_SUBSCR_CONFIG_" ON "PUBLIC"."ACT_RU_EVENT_SUBSCR"("CONFIGURATION_" NULLS FIRST);         
CREATE INDEX "PUBLIC"."ACT_IDX_EVENT_SUBSCR_TENANT_ID" ON "PUBLIC"."ACT_RU_EVENT_SUBSCR"("TENANT_ID_" NULLS FIRST);           
CREATE INDEX "PUBLIC"."ACT_IDX_EVENT_SUBSCR_EVT_NAME" ON "PUBLIC"."ACT_RU_EVENT_SUBSCR"("EVENT_NAME_" NULLS FIRST);           
CREATE MEMORY TABLE "PUBLIC"."ACT_RU_INCIDENT"(
    "ID_" CHARACTER VARYING(64) NOT NULL,
    "REV_" INTEGER NOT NULL,
    "INCIDENT_TIMESTAMP_" TIMESTAMP NOT NULL,
    "INCIDENT_MSG_" CHARACTER VARYING(4000),
    "INCIDENT_TYPE_" CHARACTER VARYING(255) NOT NULL,
    "EXECUTION_ID_" CHARACTER VARYING(64),
    "ACTIVITY_ID_" CHARACTER VARYING(255),
    "FAILED_ACTIVITY_ID_" CHARACTER VARYING(255),
    "PROC_INST_ID_" CHARACTER VARYING(64),
    "PROC_DEF_ID_" CHARACTER VARYING(64),
    "CAUSE_INCIDENT_ID_" CHARACTER VARYING(64),
    "ROOT_CAUSE_INCIDENT_ID_" CHARACTER VARYING(64),
    "CONFIGURATION_" CHARACTER VARYING(255),
    "TENANT_ID_" CHARACTER VARYING(64),
    "JOB_DEF_ID_" CHARACTER VARYING(64),
    "ANNOTATION_" CHARACTER VARYING(4000)
);         
ALTER TABLE "PUBLIC"."ACT_RU_INCIDENT" ADD CONSTRAINT "PUBLIC"."CONSTRAINT_12" PRIMARY KEY("ID_");            
-- 0 +/- SELECT COUNT(*) FROM PUBLIC.ACT_RU_INCIDENT;         
CREATE INDEX "PUBLIC"."ACT_IDX_INC_CONFIGURATION" ON "PUBLIC"."ACT_RU_INCIDENT"("CONFIGURATION_" NULLS FIRST);
CREATE INDEX "PUBLIC"."ACT_IDX_INC_TENANT_ID" ON "PUBLIC"."ACT_RU_INCIDENT"("TENANT_ID_" NULLS FIRST);        
CREATE INDEX "PUBLIC"."ACT_IDX_INC_CAUSEINCID" ON "PUBLIC"."ACT_RU_INCIDENT"("CAUSE_INCIDENT_ID_" NULLS FIRST);               
CREATE INDEX "PUBLIC"."ACT_IDX_INC_EXID" ON "PUBLIC"."ACT_RU_INCIDENT"("EXECUTION_ID_" NULLS FIRST);          
CREATE INDEX "PUBLIC"."ACT_IDX_INC_PROCDEFID" ON "PUBLIC"."ACT_RU_INCIDENT"("PROC_DEF_ID_" NULLS FIRST);      
CREATE INDEX "PUBLIC"."ACT_IDX_INC_PROCINSTID" ON "PUBLIC"."ACT_RU_INCIDENT"("PROC_INST_ID_" NULLS FIRST);    
CREATE INDEX "PUBLIC"."ACT_IDX_INC_ROOTCAUSEINCID" ON "PUBLIC"."ACT_RU_INCIDENT"("ROOT_CAUSE_INCIDENT_ID_" NULLS FIRST);      
CREATE INDEX "PUBLIC"."ACT_IDX_INC_JOB_DEF" ON "PUBLIC"."ACT_RU_INCIDENT"("JOB_DEF_ID_" NULLS FIRST);         
CREATE MEMORY TABLE "PUBLIC"."ACT_RU_AUTHORIZATION"(
    "ID_" CHARACTER VARYING(64) NOT NULL,
    "REV_" INTEGER NOT NULL,
    "TYPE_" INTEGER NOT NULL,
    "GROUP_ID_" CHARACTER VARYING(255),
    "USER_ID_" CHARACTER VARYING(255),
    "RESOURCE_TYPE_" INTEGER NOT NULL,
    "RESOURCE_ID_" CHARACTER VARYING(255),
    "PERMS_" INTEGER,
    "REMOVAL_TIME_" TIMESTAMP,
    "ROOT_PROC_INST_ID_" CHARACTER VARYING(64)
);  
ALTER TABLE "PUBLIC"."ACT_RU_AUTHORIZATION" ADD CONSTRAINT "PUBLIC"."CONSTRAINT_619" PRIMARY KEY("ID_");      
-- 22 +/- SELECT COUNT(*) FROM PUBLIC.ACT_RU_AUTHORIZATION;   
INSERT INTO "PUBLIC"."ACT_RU_AUTHORIZATION" VALUES
('392381b9-7e7f-11f0-a253-005056c00001', 1, 1, 'camunda-admin', NULL, 0, '*', 2147483647, NULL, NULL),
('3924450a-7e7f-11f0-a253-005056c00001', 1, 1, 'camunda-admin', NULL, 1, '*', 2147483647, NULL, NULL),
('39246c1b-7e7f-11f0-a253-005056c00001', 1, 1, 'camunda-admin', NULL, 2, '*', 2147483647, NULL, NULL),
('3924932c-7e7f-11f0-a253-005056c00001', 1, 1, 'camunda-admin', NULL, 3, '*', 2147483647, NULL, NULL),
('3924ba3d-7e7f-11f0-a253-005056c00001', 1, 1, 'camunda-admin', NULL, 4, '*', 2147483647, NULL, NULL),
('3925085e-7e7f-11f0-a253-005056c00001', 1, 1, 'camunda-admin', NULL, 5, '*', 2147483647, NULL, NULL),
('39252f6f-7e7f-11f0-a253-005056c00001', 1, 1, 'camunda-admin', NULL, 6, '*', 2147483647, NULL, NULL),
('39255680-7e7f-11f0-a253-005056c00001', 1, 1, 'camunda-admin', NULL, 7, '*', 2147483647, NULL, NULL),
('39257d91-7e7f-11f0-a253-005056c00001', 1, 1, 'camunda-admin', NULL, 8, '*', 2147483647, NULL, NULL),
('3925a4a2-7e7f-11f0-a253-005056c00001', 1, 1, 'camunda-admin', NULL, 9, '*', 2147483647, NULL, NULL),
('3925cbb3-7e7f-11f0-a253-005056c00001', 1, 1, 'camunda-admin', NULL, 10, '*', 2147483647, NULL, NULL),
('3925f2c4-7e7f-11f0-a253-005056c00001', 1, 1, 'camunda-admin', NULL, 11, '*', 2147483647, NULL, NULL),
('392619d5-7e7f-11f0-a253-005056c00001', 1, 1, 'camunda-admin', NULL, 12, '*', 2147483647, NULL, NULL),
('392640e6-7e7f-11f0-a253-005056c00001', 1, 1, 'camunda-admin', NULL, 13, '*', 2147483647, NULL, NULL),
('392667f7-7e7f-11f0-a253-005056c00001', 1, 1, 'camunda-admin', NULL, 14, '*', 2147483647, NULL, NULL),
('39268f08-7e7f-11f0-a253-005056c00001', 1, 1, 'camunda-admin', NULL, 15, '*', 2147483647, NULL, NULL),
('39270439-7e7f-11f0-a253-005056c00001', 1, 1, 'camunda-admin', NULL, 16, '*', 2147483647, NULL, NULL),
('3927043a-7e7f-11f0-a253-005056c00001', 1, 1, 'camunda-admin', NULL, 17, '*', 2147483647, NULL, NULL),
('39272b4b-7e7f-11f0-a253-005056c00001', 1, 1, 'camunda-admin', NULL, 18, '*', 2147483647, NULL, NULL),
('3927525c-7e7f-11f0-a253-005056c00001', 1, 1, 'camunda-admin', NULL, 19, '*', 2147483647, NULL, NULL),
('3927796d-7e7f-11f0-a253-005056c00001', 1, 1, 'camunda-admin', NULL, 20, '*', 2147483647, NULL, NULL),
('3927a07e-7e7f-11f0-a253-005056c00001', 1, 1, 'camunda-admin', NULL, 21, '*', 2147483647, NULL, NULL);
CREATE INDEX "PUBLIC"."ACT_IDX_AUTH_GROUP_ID" ON "PUBLIC"."ACT_RU_AUTHORIZATION"("GROUP_ID_" NULLS FIRST);    
CREATE INDEX "PUBLIC"."ACT_IDX_AUTH_RESOURCE_ID" ON "PUBLIC"."ACT_RU_AUTHORIZATION"("RESOURCE_ID_" NULLS FIRST);              
CREATE INDEX "PUBLIC"."ACT_IDX_AUTH_ROOT_PI" ON "PUBLIC"."ACT_RU_AUTHORIZATION"("ROOT_PROC_INST_ID_" NULLS FIRST);            
CREATE INDEX "PUBLIC"."ACT_IDX_AUTH_RM_TIME" ON "PUBLIC"."ACT_RU_AUTHORIZATION"("REMOVAL_TIME_" NULLS FIRST); 
CREATE MEMORY TABLE "PUBLIC"."ACT_RU_FILTER"(
    "ID_" CHARACTER VARYING(64) NOT NULL,
    "REV_" INTEGER NOT NULL,
    "RESOURCE_TYPE_" CHARACTER VARYING(255) NOT NULL,
    "NAME_" CHARACTER VARYING(255) NOT NULL,
    "OWNER_" CHARACTER VARYING(255),
    "QUERY_" CHARACTER LARGE OBJECT NOT NULL,
    "PROPERTIES_" CHARACTER LARGE OBJECT
);
ALTER TABLE "PUBLIC"."ACT_RU_FILTER" ADD CONSTRAINT "PUBLIC"."CONSTRAINT_2D" PRIMARY KEY("ID_");              
-- 0 +/- SELECT COUNT(*) FROM PUBLIC.ACT_RU_FILTER;           
CREATE MEMORY TABLE "PUBLIC"."ACT_RU_METER_LOG"(
    "ID_" CHARACTER VARYING(64) NOT NULL,
    "NAME_" CHARACTER VARYING(64) NOT NULL,
    "REPORTER_" CHARACTER VARYING(255),
    "VALUE_" BIGINT,
    "TIMESTAMP_" TIMESTAMP,
    "MILLISECONDS_" BIGINT DEFAULT 0
);
ALTER TABLE "PUBLIC"."ACT_RU_METER_LOG" ADD CONSTRAINT "PUBLIC"."CONSTRAINT_66" PRIMARY KEY("ID_");           
-- 24 +/- SELECT COUNT(*) FROM PUBLIC.ACT_RU_METER_LOG;       
INSERT INTO "PUBLIC"."ACT_RU_METER_LOG" VALUES
('518f44a0-7e81-11f0-a253-005056c00001', 'root-process-instance-start', '192.168.31.121$default', 0, TIMESTAMP '2025-08-21 19:23:53.27', 1755775433270),
('518f44a1-7e81-11f0-a253-005056c00001', 'activity-instance-start', '192.168.31.121$default', 0, TIMESTAMP '2025-08-21 19:23:53.27', 1755775433270),
('518f44a2-7e81-11f0-a253-005056c00001', 'job-acquired-failure', '192.168.31.121$default', 0, TIMESTAMP '2025-08-21 19:23:53.27', 1755775433270),
('518f44a3-7e81-11f0-a253-005056c00001', 'job-locked-exclusive', '192.168.31.121$default', 0, TIMESTAMP '2025-08-21 19:23:53.27', 1755775433270),
('518f44a4-7e81-11f0-a253-005056c00001', 'job-execution-rejected', '192.168.31.121$default', 0, TIMESTAMP '2025-08-21 19:23:53.27', 1755775433270),
('518f44a5-7e81-11f0-a253-005056c00001', 'executed-decision-elements', '192.168.31.121$default', 0, TIMESTAMP '2025-08-21 19:23:53.27', 1755775433270),
('518f44a6-7e81-11f0-a253-005056c00001', 'activity-instance-end', '192.168.31.121$default', 0, TIMESTAMP '2025-08-21 19:23:53.27', 1755775433270),
('518f44a7-7e81-11f0-a253-005056c00001', 'job-successful', '192.168.31.121$default', 0, TIMESTAMP '2025-08-21 19:23:53.27', 1755775433270),
('518f44a8-7e81-11f0-a253-005056c00001', 'job-acquired-success', '192.168.31.121$default', 0, TIMESTAMP '2025-08-21 19:23:53.27', 1755775433270),
('518f44a9-7e81-11f0-a253-005056c00001', 'job-acquisition-attempt', '192.168.31.121$default', 18, TIMESTAMP '2025-08-21 19:23:53.27', 1755775433270),
('518f44aa-7e81-11f0-a253-005056c00001', 'executed-decision-instances', '192.168.31.121$default', 0, TIMESTAMP '2025-08-21 19:23:53.27', 1755775433270),
('518f44ab-7e81-11f0-a253-005056c00001', 'job-failed', '192.168.31.121$default', 0, TIMESTAMP '2025-08-21 19:23:53.27', 1755775433270),
('6e9290fc-7e83-11f0-a253-005056c00001', 'root-process-instance-start', '192.168.31.121$default', 0, TIMESTAMP '2025-08-21 19:39:00.94', 1755776340940),
('6e9290fd-7e83-11f0-a253-005056c00001', 'activity-instance-start', '192.168.31.121$default', 0, TIMESTAMP '2025-08-21 19:39:00.94', 1755776340940),
('6e9290fe-7e83-11f0-a253-005056c00001', 'job-acquired-failure', '192.168.31.121$default', 0, TIMESTAMP '2025-08-21 19:39:00.94', 1755776340940),
('6e9290ff-7e83-11f0-a253-005056c00001', 'job-locked-exclusive', '192.168.31.121$default', 0, TIMESTAMP '2025-08-21 19:39:00.94', 1755776340940),
('6e929100-7e83-11f0-a253-005056c00001', 'job-execution-rejected', '192.168.31.121$default', 0, TIMESTAMP '2025-08-21 19:39:00.94', 1755776340940),
('6e929101-7e83-11f0-a253-005056c00001', 'executed-decision-elements', '192.168.31.121$default', 0, TIMESTAMP '2025-08-21 19:39:00.94', 1755776340940),
('6e929102-7e83-11f0-a253-005056c00001', 'activity-instance-end', '192.168.31.121$default', 0, TIMESTAMP '2025-08-21 19:39:00.94', 1755776340940),
('6e929103-7e83-11f0-a253-005056c00001', 'job-successful', '192.168.31.121$default', 0, TIMESTAMP '2025-08-21 19:39:00.94', 1755776340940),
('6e929104-7e83-11f0-a253-005056c00001', 'job-acquired-success', '192.168.31.121$default', 0, TIMESTAMP '2025-08-21 19:39:00.94', 1755776340940),
('6e929105-7e83-11f0-a253-005056c00001', 'job-acquisition-attempt', '192.168.31.121$default', 15, TIMESTAMP '2025-08-21 19:39:00.94', 1755776340940),
('6e929106-7e83-11f0-a253-005056c00001', 'executed-decision-instances', '192.168.31.121$default', 0, TIMESTAMP '2025-08-21 19:39:00.94', 1755776340940),
('6e929107-7e83-11f0-a253-005056c00001', 'job-failed', '192.168.31.121$default', 0, TIMESTAMP '2025-08-21 19:39:00.94', 1755776340940);            
CREATE INDEX "PUBLIC"."ACT_IDX_METER_LOG_MS" ON "PUBLIC"."ACT_RU_METER_LOG"("MILLISECONDS_" NULLS FIRST);     
CREATE INDEX "PUBLIC"."ACT_IDX_METER_LOG_NAME_MS" ON "PUBLIC"."ACT_RU_METER_LOG"("NAME_" NULLS FIRST, "MILLISECONDS_" NULLS FIRST);           
CREATE INDEX "PUBLIC"."ACT_IDX_METER_LOG_REPORT" ON "PUBLIC"."ACT_RU_METER_LOG"("NAME_" NULLS FIRST, "REPORTER_" NULLS FIRST, "MILLISECONDS_" NULLS FIRST);   
CREATE INDEX "PUBLIC"."ACT_IDX_METER_LOG_TIME" ON "PUBLIC"."ACT_RU_METER_LOG"("TIMESTAMP_" NULLS FIRST);      
CREATE INDEX "PUBLIC"."ACT_IDX_METER_LOG" ON "PUBLIC"."ACT_RU_METER_LOG"("NAME_" NULLS FIRST, "TIMESTAMP_" NULLS FIRST);      
CREATE MEMORY TABLE "PUBLIC"."ACT_RU_TASK_METER_LOG"(
    "ID_" CHARACTER VARYING(64) NOT NULL,
    "ASSIGNEE_HASH_" BIGINT,
    "TIMESTAMP_" TIMESTAMP
);
ALTER TABLE "PUBLIC"."ACT_RU_TASK_METER_LOG" ADD CONSTRAINT "PUBLIC"."CONSTRAINT_33" PRIMARY KEY("ID_");      
-- 0 +/- SELECT COUNT(*) FROM PUBLIC.ACT_RU_TASK_METER_LOG;   
CREATE INDEX "PUBLIC"."ACT_IDX_TASK_METER_LOG_TIME" ON "PUBLIC"."ACT_RU_TASK_METER_LOG"("TIMESTAMP_" NULLS FIRST);            
CREATE MEMORY TABLE "PUBLIC"."ACT_RU_EXT_TASK"(
    "ID_" CHARACTER VARYING(64) NOT NULL,
    "REV_" INTEGER NOT NULL,
    "WORKER_ID_" CHARACTER VARYING(255),
    "TOPIC_NAME_" CHARACTER VARYING(255),
    "RETRIES_" INTEGER,
    "ERROR_MSG_" CHARACTER VARYING(4000),
    "ERROR_DETAILS_ID_" CHARACTER VARYING(64),
    "LOCK_EXP_TIME_" TIMESTAMP,
    "CREATE_TIME_" TIMESTAMP,
    "SUSPENSION_STATE_" INTEGER,
    "EXECUTION_ID_" CHARACTER VARYING(64),
    "PROC_INST_ID_" CHARACTER VARYING(64),
    "PROC_DEF_ID_" CHARACTER VARYING(64),
    "PROC_DEF_KEY_" CHARACTER VARYING(255),
    "ACT_ID_" CHARACTER VARYING(255),
    "ACT_INST_ID_" CHARACTER VARYING(64),
    "TENANT_ID_" CHARACTER VARYING(64),
    "PRIORITY_" BIGINT DEFAULT 0 NOT NULL,
    "LAST_FAILURE_LOG_ID_" CHARACTER VARYING(64)
);              
ALTER TABLE "PUBLIC"."ACT_RU_EXT_TASK" ADD CONSTRAINT "PUBLIC"."CONSTRAINT_A2" PRIMARY KEY("ID_");            
-- 0 +/- SELECT COUNT(*) FROM PUBLIC.ACT_RU_EXT_TASK;         
CREATE INDEX "PUBLIC"."ACT_IDX_EXT_TASK_TOPIC" ON "PUBLIC"."ACT_RU_EXT_TASK"("TOPIC_NAME_" NULLS FIRST);      
CREATE INDEX "PUBLIC"."ACT_IDX_EXT_TASK_TENANT_ID" ON "PUBLIC"."ACT_RU_EXT_TASK"("TENANT_ID_" NULLS FIRST);   
CREATE INDEX "PUBLIC"."ACT_IDX_EXT_TASK_PRIORITY" ON "PUBLIC"."ACT_RU_EXT_TASK"("PRIORITY_" NULLS FIRST);     
CREATE INDEX "PUBLIC"."ACT_IDX_EXT_TASK_ERR_DETAILS" ON "PUBLIC"."ACT_RU_EXT_TASK"("ERROR_DETAILS_ID_" NULLS FIRST);          
CREATE INDEX "PUBLIC"."ACT_IDX_EXT_TASK_EXEC" ON "PUBLIC"."ACT_RU_EXT_TASK"("EXECUTION_ID_" NULLS FIRST);     
CREATE MEMORY TABLE "PUBLIC"."ACT_RU_BATCH"(
    "ID_" CHARACTER VARYING(64) NOT NULL,
    "REV_" INTEGER NOT NULL,
    "TYPE_" CHARACTER VARYING(255),
    "TOTAL_JOBS_" INTEGER,
    "JOBS_CREATED_" INTEGER,
    "JOBS_PER_SEED_" INTEGER,
    "INVOCATIONS_PER_JOB_" INTEGER,
    "SEED_JOB_DEF_ID_" CHARACTER VARYING(64),
    "BATCH_JOB_DEF_ID_" CHARACTER VARYING(64),
    "MONITOR_JOB_DEF_ID_" CHARACTER VARYING(64),
    "SUSPENSION_STATE_" INTEGER,
    "CONFIGURATION_" CHARACTER VARYING(255),
    "TENANT_ID_" CHARACTER VARYING(64),
    "CREATE_USER_ID_" CHARACTER VARYING(255),
    "START_TIME_" TIMESTAMP,
    "EXEC_START_TIME_" TIMESTAMP
);         
ALTER TABLE "PUBLIC"."ACT_RU_BATCH" ADD CONSTRAINT "PUBLIC"."CONSTRAINT_9" PRIMARY KEY("ID_");
-- 0 +/- SELECT COUNT(*) FROM PUBLIC.ACT_RU_BATCH;            
CREATE INDEX "PUBLIC"."ACT_IDX_BATCH_SEED_JOB_DEF" ON "PUBLIC"."ACT_RU_BATCH"("SEED_JOB_DEF_ID_" NULLS FIRST);
CREATE INDEX "PUBLIC"."ACT_IDX_BATCH_MONITOR_JOB_DEF" ON "PUBLIC"."ACT_RU_BATCH"("MONITOR_JOB_DEF_ID_" NULLS FIRST);          
CREATE INDEX "PUBLIC"."ACT_IDX_BATCH_JOB_DEF" ON "PUBLIC"."ACT_RU_BATCH"("BATCH_JOB_DEF_ID_" NULLS FIRST);    
CREATE MEMORY TABLE "PUBLIC"."ACT_HI_PROCINST"(
    "ID_" CHARACTER VARYING(64) NOT NULL,
    "PROC_INST_ID_" CHARACTER VARYING(64) NOT NULL,
    "BUSINESS_KEY_" CHARACTER VARYING(255),
    "PROC_DEF_KEY_" CHARACTER VARYING(255),
    "PROC_DEF_ID_" CHARACTER VARYING(64) NOT NULL,
    "START_TIME_" TIMESTAMP NOT NULL,
    "END_TIME_" TIMESTAMP,
    "REMOVAL_TIME_" TIMESTAMP,
    "DURATION_" BIGINT,
    "START_USER_ID_" CHARACTER VARYING(255),
    "START_ACT_ID_" CHARACTER VARYING(255),
    "END_ACT_ID_" CHARACTER VARYING(255),
    "SUPER_PROCESS_INSTANCE_ID_" CHARACTER VARYING(64),
    "ROOT_PROC_INST_ID_" CHARACTER VARYING(64),
    "SUPER_CASE_INSTANCE_ID_" CHARACTER VARYING(64),
    "CASE_INST_ID_" CHARACTER VARYING(64),
    "DELETE_REASON_" CHARACTER VARYING(4000),
    "TENANT_ID_" CHARACTER VARYING(64),
    "STATE_" CHARACTER VARYING(255)
);  
ALTER TABLE "PUBLIC"."ACT_HI_PROCINST" ADD CONSTRAINT "PUBLIC"."CONSTRAINT_8D" PRIMARY KEY("ID_");            
-- 0 +/- SELECT COUNT(*) FROM PUBLIC.ACT_HI_PROCINST;         
CREATE INDEX "PUBLIC"."ACT_IDX_HI_PRO_INST_END" ON "PUBLIC"."ACT_HI_PROCINST"("END_TIME_" NULLS FIRST);       
CREATE INDEX "PUBLIC"."ACT_IDX_HI_PRO_I_BUSKEY" ON "PUBLIC"."ACT_HI_PROCINST"("BUSINESS_KEY_" NULLS FIRST);   
CREATE INDEX "PUBLIC"."ACT_IDX_HI_PRO_INST_TENANT_ID" ON "PUBLIC"."ACT_HI_PROCINST"("TENANT_ID_" NULLS FIRST);
CREATE INDEX "PUBLIC"."ACT_IDX_HI_PRO_INST_PROC_DEF_KEY" ON "PUBLIC"."ACT_HI_PROCINST"("PROC_DEF_KEY_" NULLS FIRST);          
CREATE INDEX "PUBLIC"."ACT_IDX_HI_PRO_INST_PROC_TIME" ON "PUBLIC"."ACT_HI_PROCINST"("START_TIME_" NULLS FIRST, "END_TIME_" NULLS FIRST);      
CREATE INDEX "PUBLIC"."ACT_IDX_HI_PI_PDEFID_END_TIME" ON "PUBLIC"."ACT_HI_PROCINST"("PROC_DEF_ID_" NULLS FIRST, "END_TIME_" NULLS FIRST);     
CREATE INDEX "PUBLIC"."ACT_IDX_HI_PRO_INST_ROOT_PI" ON "PUBLIC"."ACT_HI_PROCINST"("ROOT_PROC_INST_ID_" NULLS FIRST);          
CREATE INDEX "PUBLIC"."ACT_IDX_HI_PRO_INST_RM_TIME" ON "PUBLIC"."ACT_HI_PROCINST"("REMOVAL_TIME_" NULLS FIRST);               
CREATE MEMORY TABLE "PUBLIC"."ACT_HI_ACTINST"(
    "ID_" CHARACTER VARYING(64) NOT NULL,
    "PARENT_ACT_INST_ID_" CHARACTER VARYING(64),
    "PROC_DEF_KEY_" CHARACTER VARYING(255),
    "PROC_DEF_ID_" CHARACTER VARYING(64) NOT NULL,
    "ROOT_PROC_INST_ID_" CHARACTER VARYING(64),
    "PROC_INST_ID_" CHARACTER VARYING(64) NOT NULL,
    "EXECUTION_ID_" CHARACTER VARYING(64) NOT NULL,
    "ACT_ID_" CHARACTER VARYING(255) NOT NULL,
    "TASK_ID_" CHARACTER VARYING(64),
    "CALL_PROC_INST_ID_" CHARACTER VARYING(64),
    "CALL_CASE_INST_ID_" CHARACTER VARYING(64),
    "ACT_NAME_" CHARACTER VARYING(255),
    "ACT_TYPE_" CHARACTER VARYING(255) NOT NULL,
    "ASSIGNEE_" CHARACTER VARYING(255),
    "START_TIME_" TIMESTAMP NOT NULL,
    "END_TIME_" TIMESTAMP,
    "DURATION_" BIGINT,
    "ACT_INST_STATE_" INTEGER,
    "SEQUENCE_COUNTER_" INTEGER,
    "TENANT_ID_" CHARACTER VARYING(64),
    "REMOVAL_TIME_" TIMESTAMP
);
ALTER TABLE "PUBLIC"."ACT_HI_ACTINST" ADD CONSTRAINT "PUBLIC"."CONSTRAINT_FB" PRIMARY KEY("ID_");             
-- 0 +/- SELECT COUNT(*) FROM PUBLIC.ACT_HI_ACTINST;          
CREATE INDEX "PUBLIC"."ACT_IDX_HI_ACTINST_ROOT_PI" ON "PUBLIC"."ACT_HI_ACTINST"("ROOT_PROC_INST_ID_" NULLS FIRST);            
CREATE INDEX "PUBLIC"."ACT_IDX_HI_ACT_INST_START_END" ON "PUBLIC"."ACT_HI_ACTINST"("START_TIME_" NULLS FIRST, "END_TIME_" NULLS FIRST);       
CREATE INDEX "PUBLIC"."ACT_IDX_HI_ACT_INST_END" ON "PUBLIC"."ACT_HI_ACTINST"("END_TIME_" NULLS FIRST);        
CREATE INDEX "PUBLIC"."ACT_IDX_HI_ACT_INST_PROCINST" ON "PUBLIC"."ACT_HI_ACTINST"("PROC_INST_ID_" NULLS FIRST, "ACT_ID_" NULLS FIRST);        
CREATE INDEX "PUBLIC"."ACT_IDX_HI_ACT_INST_COMP" ON "PUBLIC"."ACT_HI_ACTINST"("EXECUTION_ID_" NULLS FIRST, "ACT_ID_" NULLS FIRST, "END_TIME_" NULLS FIRST, "ID_" NULLS FIRST);
CREATE INDEX "PUBLIC"."ACT_IDX_HI_ACT_INST_STATS" ON "PUBLIC"."ACT_HI_ACTINST"("PROC_DEF_ID_" NULLS FIRST, "PROC_INST_ID_" NULLS FIRST, "ACT_ID_" NULLS FIRST, "END_TIME_" NULLS FIRST, "ACT_INST_STATE_" NULLS FIRST);       
CREATE INDEX "PUBLIC"."ACT_IDX_HI_ACT_INST_TENANT_ID" ON "PUBLIC"."ACT_HI_ACTINST"("TENANT_ID_" NULLS FIRST); 
CREATE INDEX "PUBLIC"."ACT_IDX_HI_ACT_INST_PROC_DEF_KEY" ON "PUBLIC"."ACT_HI_ACTINST"("PROC_DEF_KEY_" NULLS FIRST);           
CREATE INDEX "PUBLIC"."ACT_IDX_HI_AI_PDEFID_END_TIME" ON "PUBLIC"."ACT_HI_ACTINST"("PROC_DEF_ID_" NULLS FIRST, "END_TIME_" NULLS FIRST);      
CREATE INDEX "PUBLIC"."ACT_IDX_HI_ACT_INST_RM_TIME" ON "PUBLIC"."ACT_HI_ACTINST"("REMOVAL_TIME_" NULLS FIRST);
CREATE MEMORY TABLE "PUBLIC"."ACT_HI_TASKINST"(
    "ID_" CHARACTER VARYING(64) NOT NULL,
    "TASK_DEF_KEY_" CHARACTER VARYING(255),
    "PROC_DEF_KEY_" CHARACTER VARYING(255),
    "PROC_DEF_ID_" CHARACTER VARYING(64),
    "ROOT_PROC_INST_ID_" CHARACTER VARYING(64),
    "PROC_INST_ID_" CHARACTER VARYING(64),
    "EXECUTION_ID_" CHARACTER VARYING(64),
    "CASE_DEF_KEY_" CHARACTER VARYING(255),
    "CASE_DEF_ID_" CHARACTER VARYING(64),
    "CASE_INST_ID_" CHARACTER VARYING(64),
    "CASE_EXECUTION_ID_" CHARACTER VARYING(64),
    "ACT_INST_ID_" CHARACTER VARYING(64),
    "NAME_" CHARACTER VARYING(255),
    "PARENT_TASK_ID_" CHARACTER VARYING(64),
    "DESCRIPTION_" CHARACTER VARYING(4000),
    "OWNER_" CHARACTER VARYING(255),
    "ASSIGNEE_" CHARACTER VARYING(255),
    "START_TIME_" TIMESTAMP NOT NULL,
    "END_TIME_" TIMESTAMP,
    "DURATION_" BIGINT,
    "DELETE_REASON_" CHARACTER VARYING(4000),
    "PRIORITY_" INTEGER,
    "DUE_DATE_" TIMESTAMP,
    "FOLLOW_UP_DATE_" TIMESTAMP,
    "TENANT_ID_" CHARACTER VARYING(64),
    "REMOVAL_TIME_" TIMESTAMP
);        
ALTER TABLE "PUBLIC"."ACT_HI_TASKINST" ADD CONSTRAINT "PUBLIC"."CONSTRAINT_B0" PRIMARY KEY("ID_");            
-- 0 +/- SELECT COUNT(*) FROM PUBLIC.ACT_HI_TASKINST;         
CREATE INDEX "PUBLIC"."ACT_IDX_HI_TASKINST_ROOT_PI" ON "PUBLIC"."ACT_HI_TASKINST"("ROOT_PROC_INST_ID_" NULLS FIRST);          
CREATE INDEX "PUBLIC"."ACT_IDX_HI_TASK_INST_TENANT_ID" ON "PUBLIC"."ACT_HI_TASKINST"("TENANT_ID_" NULLS FIRST);               
CREATE INDEX "PUBLIC"."ACT_IDX_HI_TASK_INST_PROC_DEF_KEY" ON "PUBLIC"."ACT_HI_TASKINST"("PROC_DEF_KEY_" NULLS FIRST);         
CREATE INDEX "PUBLIC"."ACT_IDX_HI_TASKINST_PROCINST" ON "PUBLIC"."ACT_HI_TASKINST"("PROC_INST_ID_" NULLS FIRST);              
CREATE INDEX "PUBLIC"."ACT_IDX_HI_TASKINSTID_PROCINST" ON "PUBLIC"."ACT_HI_TASKINST"("ID_" NULLS FIRST, "PROC_INST_ID_" NULLS FIRST);         
CREATE INDEX "PUBLIC"."ACT_IDX_HI_TASK_INST_RM_TIME" ON "PUBLIC"."ACT_HI_TASKINST"("REMOVAL_TIME_" NULLS FIRST);              
CREATE INDEX "PUBLIC"."ACT_IDX_HI_TASK_INST_START" ON "PUBLIC"."ACT_HI_TASKINST"("START_TIME_" NULLS FIRST);  
CREATE INDEX "PUBLIC"."ACT_IDX_HI_TASK_INST_END" ON "PUBLIC"."ACT_HI_TASKINST"("END_TIME_" NULLS FIRST);      
CREATE MEMORY TABLE "PUBLIC"."ACT_HI_VARINST"(
    "ID_" CHARACTER VARYING(64) NOT NULL,
    "PROC_DEF_KEY_" CHARACTER VARYING(255),
    "PROC_DEF_ID_" CHARACTER VARYING(64),
    "ROOT_PROC_INST_ID_" CHARACTER VARYING(64),
    "PROC_INST_ID_" CHARACTER VARYING(64),
    "EXECUTION_ID_" CHARACTER VARYING(64),
    "CASE_DEF_KEY_" CHARACTER VARYING(255),
    "CASE_DEF_ID_" CHARACTER VARYING(64),
    "CASE_INST_ID_" CHARACTER VARYING(64),
    "CASE_EXECUTION_ID_" CHARACTER VARYING(64),
    "TASK_ID_" CHARACTER VARYING(64),
    "ACT_INST_ID_" CHARACTER VARYING(64),
    "NAME_" CHARACTER VARYING(255) NOT NULL,
    "VAR_TYPE_" CHARACTER VARYING(100),
    "CREATE_TIME_" TIMESTAMP,
    "REV_" INTEGER,
    "BYTEARRAY_ID_" CHARACTER VARYING(64),
    "DOUBLE_" DOUBLE PRECISION,
    "LONG_" BIGINT,
    "TEXT_" CHARACTER VARYING(4000),
    "TEXT2_" CHARACTER VARYING(4000),
    "TENANT_ID_" CHARACTER VARYING(64),
    "STATE_" CHARACTER VARYING(20),
    "REMOVAL_TIME_" TIMESTAMP
);  
ALTER TABLE "PUBLIC"."ACT_HI_VARINST" ADD CONSTRAINT "PUBLIC"."CONSTRAINT_4E" PRIMARY KEY("ID_");             
-- 0 +/- SELECT COUNT(*) FROM PUBLIC.ACT_HI_VARINST;          
CREATE INDEX "PUBLIC"."ACT_IDX_HI_VARINST_ROOT_PI" ON "PUBLIC"."ACT_HI_VARINST"("ROOT_PROC_INST_ID_" NULLS FIRST);            
CREATE INDEX "PUBLIC"."ACT_IDX_HI_PROCVAR_PROC_INST" ON "PUBLIC"."ACT_HI_VARINST"("PROC_INST_ID_" NULLS FIRST);               
CREATE INDEX "PUBLIC"."ACT_IDX_HI_PROCVAR_NAME_TYPE" ON "PUBLIC"."ACT_HI_VARINST"("NAME_" NULLS FIRST, "VAR_TYPE_" NULLS FIRST);              
CREATE INDEX "PUBLIC"."ACT_IDX_HI_CASEVAR_CASE_INST" ON "PUBLIC"."ACT_HI_VARINST"("CASE_INST_ID_" NULLS FIRST);               
CREATE INDEX "PUBLIC"."ACT_IDX_HI_VAR_INST_TENANT_ID" ON "PUBLIC"."ACT_HI_VARINST"("TENANT_ID_" NULLS FIRST); 
CREATE INDEX "PUBLIC"."ACT_IDX_HI_VAR_INST_PROC_DEF_KEY" ON "PUBLIC"."ACT_HI_VARINST"("PROC_DEF_KEY_" NULLS FIRST);           
CREATE INDEX "PUBLIC"."ACT_IDX_HI_VARINST_BYTEAR" ON "PUBLIC"."ACT_HI_VARINST"("BYTEARRAY_ID_" NULLS FIRST);  
CREATE INDEX "PUBLIC"."ACT_IDX_HI_VARINST_RM_TIME" ON "PUBLIC"."ACT_HI_VARINST"("REMOVAL_TIME_" NULLS FIRST); 
CREATE INDEX "PUBLIC"."ACT_IDX_HI_VAR_PI_NAME_TYPE" ON "PUBLIC"."ACT_HI_VARINST"("PROC_INST_ID_" NULLS FIRST, "NAME_" NULLS FIRST, "VAR_TYPE_" NULLS FIRST);  
CREATE INDEX "PUBLIC"."ACT_IDX_HI_VARINST_NAME" ON "PUBLIC"."ACT_HI_VARINST"("NAME_" NULLS FIRST);            
CREATE INDEX "PUBLIC"."ACT_IDX_HI_VARINST_ACT_INST_ID" ON "PUBLIC"."ACT_HI_VARINST"("ACT_INST_ID_" NULLS FIRST);              
CREATE MEMORY TABLE "PUBLIC"."ACT_HI_DETAIL"(
    "ID_" CHARACTER VARYING(64) NOT NULL,
    "TYPE_" CHARACTER VARYING(255) NOT NULL,
    "TIME_" TIMESTAMP NOT NULL,
    "NAME_" CHARACTER VARYING(255) NOT NULL,
    "PROC_DEF_KEY_" CHARACTER VARYING(255),
    "PROC_DEF_ID_" CHARACTER VARYING(64),
    "ROOT_PROC_INST_ID_" CHARACTER VARYING(64),
    "PROC_INST_ID_" CHARACTER VARYING(64),
    "EXECUTION_ID_" CHARACTER VARYING(64),
    "CASE_DEF_KEY_" CHARACTER VARYING(255),
    "CASE_DEF_ID_" CHARACTER VARYING(64),
    "CASE_INST_ID_" CHARACTER VARYING(64),
    "CASE_EXECUTION_ID_" CHARACTER VARYING(64),
    "TASK_ID_" CHARACTER VARYING(64),
    "ACT_INST_ID_" CHARACTER VARYING(64),
    "VAR_INST_ID_" CHARACTER VARYING(64),
    "VAR_TYPE_" CHARACTER VARYING(255),
    "REV_" INTEGER,
    "BYTEARRAY_ID_" CHARACTER VARYING(64),
    "DOUBLE_" DOUBLE PRECISION,
    "LONG_" BIGINT,
    "TEXT_" CHARACTER VARYING(4000),
    "TEXT2_" CHARACTER VARYING(4000),
    "SEQUENCE_COUNTER_" INTEGER,
    "TENANT_ID_" CHARACTER VARYING(64),
    "OPERATION_ID_" CHARACTER VARYING(64),
    "REMOVAL_TIME_" TIMESTAMP,
    "INITIAL_" BOOLEAN
);      
ALTER TABLE "PUBLIC"."ACT_HI_DETAIL" ADD CONSTRAINT "PUBLIC"."CONSTRAINT_80" PRIMARY KEY("ID_");              
-- 0 +/- SELECT COUNT(*) FROM PUBLIC.ACT_HI_DETAIL;           
CREATE INDEX "PUBLIC"."ACT_IDX_HI_DETAIL_ROOT_PI" ON "PUBLIC"."ACT_HI_DETAIL"("ROOT_PROC_INST_ID_" NULLS FIRST);              
CREATE INDEX "PUBLIC"."ACT_IDX_HI_DETAIL_PROC_INST" ON "PUBLIC"."ACT_HI_DETAIL"("PROC_INST_ID_" NULLS FIRST); 
CREATE INDEX "PUBLIC"."ACT_IDX_HI_DETAIL_ACT_INST" ON "PUBLIC"."ACT_HI_DETAIL"("ACT_INST_ID_" NULLS FIRST);   
CREATE INDEX "PUBLIC"."ACT_IDX_HI_DETAIL_CASE_INST" ON "PUBLIC"."ACT_HI_DETAIL"("CASE_INST_ID_" NULLS FIRST); 
CREATE INDEX "PUBLIC"."ACT_IDX_HI_DETAIL_CASE_EXEC" ON "PUBLIC"."ACT_HI_DETAIL"("CASE_EXECUTION_ID_" NULLS FIRST);            
CREATE INDEX "PUBLIC"."ACT_IDX_HI_DETAIL_TIME" ON "PUBLIC"."ACT_HI_DETAIL"("TIME_" NULLS FIRST);              
CREATE INDEX "PUBLIC"."ACT_IDX_HI_DETAIL_NAME" ON "PUBLIC"."ACT_HI_DETAIL"("NAME_" NULLS FIRST);              
CREATE INDEX "PUBLIC"."ACT_IDX_HI_DETAIL_TASK_ID" ON "PUBLIC"."ACT_HI_DETAIL"("TASK_ID_" NULLS FIRST);        
CREATE INDEX "PUBLIC"."ACT_IDX_HI_DETAIL_TENANT_ID" ON "PUBLIC"."ACT_HI_DETAIL"("TENANT_ID_" NULLS FIRST);    
CREATE INDEX "PUBLIC"."ACT_IDX_HI_DETAIL_PROC_DEF_KEY" ON "PUBLIC"."ACT_HI_DETAIL"("PROC_DEF_KEY_" NULLS FIRST);              
CREATE INDEX "PUBLIC"."ACT_IDX_HI_DETAIL_BYTEAR" ON "PUBLIC"."ACT_HI_DETAIL"("BYTEARRAY_ID_" NULLS FIRST);    
CREATE INDEX "PUBLIC"."ACT_IDX_HI_DETAIL_RM_TIME" ON "PUBLIC"."ACT_HI_DETAIL"("REMOVAL_TIME_" NULLS FIRST);   
CREATE INDEX "PUBLIC"."ACT_IDX_HI_DETAIL_TASK_BYTEAR" ON "PUBLIC"."ACT_HI_DETAIL"("BYTEARRAY_ID_" NULLS FIRST, "TASK_ID_" NULLS FIRST);       
CREATE INDEX "PUBLIC"."ACT_IDX_HI_DETAIL_VAR_INST_ID" ON "PUBLIC"."ACT_HI_DETAIL"("VAR_INST_ID_" NULLS FIRST);
CREATE MEMORY TABLE "PUBLIC"."ACT_HI_IDENTITYLINK"(
    "ID_" CHARACTER VARYING(64) NOT NULL,
    "TIMESTAMP_" TIMESTAMP NOT NULL,
    "TYPE_" CHARACTER VARYING(255),
    "USER_ID_" CHARACTER VARYING(255),
    "GROUP_ID_" CHARACTER VARYING(255),
    "TASK_ID_" CHARACTER VARYING(64),
    "ROOT_PROC_INST_ID_" CHARACTER VARYING(64),
    "PROC_DEF_ID_" CHARACTER VARYING(64),
    "OPERATION_TYPE_" CHARACTER VARYING(64),
    "ASSIGNER_ID_" CHARACTER VARYING(64),
    "PROC_DEF_KEY_" CHARACTER VARYING(255),
    "TENANT_ID_" CHARACTER VARYING(64),
    "REMOVAL_TIME_" TIMESTAMP
);               
ALTER TABLE "PUBLIC"."ACT_HI_IDENTITYLINK" ADD CONSTRAINT "PUBLIC"."CONSTRAINT_8A" PRIMARY KEY("ID_");        
-- 0 +/- SELECT COUNT(*) FROM PUBLIC.ACT_HI_IDENTITYLINK;     
CREATE INDEX "PUBLIC"."ACT_IDX_HI_IDENT_LNK_ROOT_PI" ON "PUBLIC"."ACT_HI_IDENTITYLINK"("ROOT_PROC_INST_ID_" NULLS FIRST);     
CREATE INDEX "PUBLIC"."ACT_IDX_HI_IDENT_LNK_USER" ON "PUBLIC"."ACT_HI_IDENTITYLINK"("USER_ID_" NULLS FIRST);  
CREATE INDEX "PUBLIC"."ACT_IDX_HI_IDENT_LNK_TENANT_ID" ON "PUBLIC"."ACT_HI_IDENTITYLINK"("TENANT_ID_" NULLS FIRST);           
CREATE INDEX "PUBLIC"."ACT_IDX_HI_IDENT_LNK_GROUP" ON "PUBLIC"."ACT_HI_IDENTITYLINK"("GROUP_ID_" NULLS FIRST);
CREATE INDEX "PUBLIC"."ACT_IDX_HI_IDENT_LNK_PROC_DEF_KEY" ON "PUBLIC"."ACT_HI_IDENTITYLINK"("PROC_DEF_KEY_" NULLS FIRST);     
CREATE INDEX "PUBLIC"."ACT_IDX_HI_IDENT_LINK_TASK" ON "PUBLIC"."ACT_HI_IDENTITYLINK"("TASK_ID_" NULLS FIRST); 
CREATE INDEX "PUBLIC"."ACT_IDX_HI_IDENT_LINK_RM_TIME" ON "PUBLIC"."ACT_HI_IDENTITYLINK"("REMOVAL_TIME_" NULLS FIRST);         
CREATE INDEX "PUBLIC"."ACT_IDX_HI_IDENT_LNK_TIMESTAMP" ON "PUBLIC"."ACT_HI_IDENTITYLINK"("TIMESTAMP_" NULLS FIRST);           
CREATE MEMORY TABLE "PUBLIC"."ACT_HI_COMMENT"(
    "ID_" CHARACTER VARYING(64) NOT NULL,
    "TYPE_" CHARACTER VARYING(255),
    "TIME_" TIMESTAMP NOT NULL,
    "USER_ID_" CHARACTER VARYING(255),
    "TASK_ID_" CHARACTER VARYING(64),
    "ROOT_PROC_INST_ID_" CHARACTER VARYING(64),
    "PROC_INST_ID_" CHARACTER VARYING(64),
    "ACTION_" CHARACTER VARYING(255),
    "MESSAGE_" CHARACTER VARYING(4000),
    "FULL_MSG_" BINARY VARYING,
    "TENANT_ID_" CHARACTER VARYING(64),
    "REMOVAL_TIME_" TIMESTAMP
);      
ALTER TABLE "PUBLIC"."ACT_HI_COMMENT" ADD CONSTRAINT "PUBLIC"."CONSTRAINT_78F" PRIMARY KEY("ID_");            
-- 0 +/- SELECT COUNT(*) FROM PUBLIC.ACT_HI_COMMENT;          
CREATE INDEX "PUBLIC"."ACT_IDX_HI_COMMENT_TASK" ON "PUBLIC"."ACT_HI_COMMENT"("TASK_ID_" NULLS FIRST);         
CREATE INDEX "PUBLIC"."ACT_IDX_HI_COMMENT_ROOT_PI" ON "PUBLIC"."ACT_HI_COMMENT"("ROOT_PROC_INST_ID_" NULLS FIRST);            
CREATE INDEX "PUBLIC"."ACT_IDX_HI_COMMENT_PROCINST" ON "PUBLIC"."ACT_HI_COMMENT"("PROC_INST_ID_" NULLS FIRST);
CREATE INDEX "PUBLIC"."ACT_IDX_HI_COMMENT_RM_TIME" ON "PUBLIC"."ACT_HI_COMMENT"("REMOVAL_TIME_" NULLS FIRST); 
CREATE MEMORY TABLE "PUBLIC"."ACT_HI_ATTACHMENT"(
    "ID_" CHARACTER VARYING(64) NOT NULL,
    "REV_" INTEGER,
    "USER_ID_" CHARACTER VARYING(255),
    "NAME_" CHARACTER VARYING(255),
    "DESCRIPTION_" CHARACTER VARYING(4000),
    "TYPE_" CHARACTER VARYING(255),
    "TASK_ID_" CHARACTER VARYING(64),
    "ROOT_PROC_INST_ID_" CHARACTER VARYING(64),
    "PROC_INST_ID_" CHARACTER VARYING(64),
    "URL_" CHARACTER VARYING(4000),
    "CONTENT_ID_" CHARACTER VARYING(64),
    "TENANT_ID_" CHARACTER VARYING(64),
    "CREATE_TIME_" TIMESTAMP,
    "REMOVAL_TIME_" TIMESTAMP
);
ALTER TABLE "PUBLIC"."ACT_HI_ATTACHMENT" ADD CONSTRAINT "PUBLIC"."CONSTRAINT_DC" PRIMARY KEY("ID_");          
-- 0 +/- SELECT COUNT(*) FROM PUBLIC.ACT_HI_ATTACHMENT;       
CREATE INDEX "PUBLIC"."ACT_IDX_HI_ATTACHMENT_CONTENT" ON "PUBLIC"."ACT_HI_ATTACHMENT"("CONTENT_ID_" NULLS FIRST);             
CREATE INDEX "PUBLIC"."ACT_IDX_HI_ATTACHMENT_ROOT_PI" ON "PUBLIC"."ACT_HI_ATTACHMENT"("ROOT_PROC_INST_ID_" NULLS FIRST);      
CREATE INDEX "PUBLIC"."ACT_IDX_HI_ATTACHMENT_PROCINST" ON "PUBLIC"."ACT_HI_ATTACHMENT"("PROC_INST_ID_" NULLS FIRST);          
CREATE INDEX "PUBLIC"."ACT_IDX_HI_ATTACHMENT_TASK" ON "PUBLIC"."ACT_HI_ATTACHMENT"("TASK_ID_" NULLS FIRST);   
CREATE INDEX "PUBLIC"."ACT_IDX_HI_ATTACHMENT_RM_TIME" ON "PUBLIC"."ACT_HI_ATTACHMENT"("REMOVAL_TIME_" NULLS FIRST);           
CREATE MEMORY TABLE "PUBLIC"."ACT_HI_OP_LOG"(
    "ID_" CHARACTER VARYING(64) NOT NULL,
    "DEPLOYMENT_ID_" CHARACTER VARYING(64),
    "PROC_DEF_ID_" CHARACTER VARYING(64),
    "PROC_DEF_KEY_" CHARACTER VARYING(255),
    "ROOT_PROC_INST_ID_" CHARACTER VARYING(64),
    "PROC_INST_ID_" CHARACTER VARYING(64),
    "EXECUTION_ID_" CHARACTER VARYING(64),
    "CASE_DEF_ID_" CHARACTER VARYING(64),
    "CASE_INST_ID_" CHARACTER VARYING(64),
    "CASE_EXECUTION_ID_" CHARACTER VARYING(64),
    "TASK_ID_" CHARACTER VARYING(64),
    "JOB_ID_" CHARACTER VARYING(64),
    "JOB_DEF_ID_" CHARACTER VARYING(64),
    "BATCH_ID_" CHARACTER VARYING(64),
    "USER_ID_" CHARACTER VARYING(255),
    "TIMESTAMP_" TIMESTAMP NOT NULL,
    "OPERATION_TYPE_" CHARACTER VARYING(64),
    "OPERATION_ID_" CHARACTER VARYING(64),
    "ENTITY_TYPE_" CHARACTER VARYING(30),
    "PROPERTY_" CHARACTER VARYING(64),
    "ORG_VALUE_" CHARACTER VARYING(4000),
    "NEW_VALUE_" CHARACTER VARYING(4000),
    "TENANT_ID_" CHARACTER VARYING(64),
    "REMOVAL_TIME_" TIMESTAMP,
    "CATEGORY_" CHARACTER VARYING(64),
    "EXTERNAL_TASK_ID_" CHARACTER VARYING(64),
    "ANNOTATION_" CHARACTER VARYING(4000)
);
ALTER TABLE "PUBLIC"."ACT_HI_OP_LOG" ADD CONSTRAINT "PUBLIC"."CONSTRAINT_94" PRIMARY KEY("ID_");              
-- 0 +/- SELECT COUNT(*) FROM PUBLIC.ACT_HI_OP_LOG;           
CREATE INDEX "PUBLIC"."ACT_IDX_HI_OP_LOG_ROOT_PI" ON "PUBLIC"."ACT_HI_OP_LOG"("ROOT_PROC_INST_ID_" NULLS FIRST);              
CREATE INDEX "PUBLIC"."ACT_IDX_HI_OP_LOG_PROCINST" ON "PUBLIC"."ACT_HI_OP_LOG"("PROC_INST_ID_" NULLS FIRST);  
CREATE INDEX "PUBLIC"."ACT_IDX_HI_OP_LOG_PROCDEF" ON "PUBLIC"."ACT_HI_OP_LOG"("PROC_DEF_ID_" NULLS FIRST);    
CREATE INDEX "PUBLIC"."ACT_IDX_HI_OP_LOG_TASK" ON "PUBLIC"."ACT_HI_OP_LOG"("TASK_ID_" NULLS FIRST);           
CREATE INDEX "PUBLIC"."ACT_IDX_HI_OP_LOG_RM_TIME" ON "PUBLIC"."ACT_HI_OP_LOG"("REMOVAL_TIME_" NULLS FIRST);   
CREATE INDEX "PUBLIC"."ACT_IDX_HI_OP_LOG_TIMESTAMP" ON "PUBLIC"."ACT_HI_OP_LOG"("TIMESTAMP_" NULLS FIRST);    
CREATE INDEX "PUBLIC"."ACT_IDX_HI_OP_LOG_USER_ID" ON "PUBLIC"."ACT_HI_OP_LOG"("USER_ID_" NULLS FIRST);        
CREATE INDEX "PUBLIC"."ACT_IDX_HI_OP_LOG_OP_TYPE" ON "PUBLIC"."ACT_HI_OP_LOG"("OPERATION_TYPE_" NULLS FIRST); 
CREATE INDEX "PUBLIC"."ACT_IDX_HI_OP_LOG_ENTITY_TYPE" ON "PUBLIC"."ACT_HI_OP_LOG"("ENTITY_TYPE_" NULLS FIRST);
CREATE MEMORY TABLE "PUBLIC"."ACT_HI_INCIDENT"(
    "ID_" CHARACTER VARYING(64) NOT NULL,
    "PROC_DEF_KEY_" CHARACTER VARYING(255),
    "PROC_DEF_ID_" CHARACTER VARYING(64),
    "ROOT_PROC_INST_ID_" CHARACTER VARYING(64),
    "PROC_INST_ID_" CHARACTER VARYING(64),
    "EXECUTION_ID_" CHARACTER VARYING(64),
    "CREATE_TIME_" TIMESTAMP NOT NULL,
    "END_TIME_" TIMESTAMP,
    "INCIDENT_MSG_" CHARACTER VARYING(4000),
    "INCIDENT_TYPE_" CHARACTER VARYING(255) NOT NULL,
    "ACTIVITY_ID_" CHARACTER VARYING(255),
    "FAILED_ACTIVITY_ID_" CHARACTER VARYING(255),
    "CAUSE_INCIDENT_ID_" CHARACTER VARYING(64),
    "ROOT_CAUSE_INCIDENT_ID_" CHARACTER VARYING(64),
    "CONFIGURATION_" CHARACTER VARYING(255),
    "HISTORY_CONFIGURATION_" CHARACTER VARYING(255),
    "INCIDENT_STATE_" INTEGER,
    "TENANT_ID_" CHARACTER VARYING(64),
    "JOB_DEF_ID_" CHARACTER VARYING(64),
    "ANNOTATION_" CHARACTER VARYING(4000),
    "REMOVAL_TIME_" TIMESTAMP
);              
ALTER TABLE "PUBLIC"."ACT_HI_INCIDENT" ADD CONSTRAINT "PUBLIC"."CONSTRAINT_CE" PRIMARY KEY("ID_");            
-- 0 +/- SELECT COUNT(*) FROM PUBLIC.ACT_HI_INCIDENT;         
CREATE INDEX "PUBLIC"."ACT_IDX_HI_INCIDENT_TENANT_ID" ON "PUBLIC"."ACT_HI_INCIDENT"("TENANT_ID_" NULLS FIRST);
CREATE INDEX "PUBLIC"."ACT_IDX_HI_INCIDENT_PROC_DEF_KEY" ON "PUBLIC"."ACT_HI_INCIDENT"("PROC_DEF_KEY_" NULLS FIRST);          
CREATE INDEX "PUBLIC"."ACT_IDX_HI_INCIDENT_ROOT_PI" ON "PUBLIC"."ACT_HI_INCIDENT"("ROOT_PROC_INST_ID_" NULLS FIRST);          
CREATE INDEX "PUBLIC"."ACT_IDX_HI_INCIDENT_PROCINST" ON "PUBLIC"."ACT_HI_INCIDENT"("PROC_INST_ID_" NULLS FIRST);              
CREATE INDEX "PUBLIC"."ACT_IDX_HI_INCIDENT_RM_TIME" ON "PUBLIC"."ACT_HI_INCIDENT"("REMOVAL_TIME_" NULLS FIRST);               
CREATE INDEX "PUBLIC"."ACT_IDX_HI_INCIDENT_CREATE_TIME" ON "PUBLIC"."ACT_HI_INCIDENT"("CREATE_TIME_" NULLS FIRST);            
CREATE INDEX "PUBLIC"."ACT_IDX_HI_INCIDENT_END_TIME" ON "PUBLIC"."ACT_HI_INCIDENT"("END_TIME_" NULLS FIRST);  
CREATE MEMORY TABLE "PUBLIC"."ACT_HI_JOB_LOG"(
    "ID_" CHARACTER VARYING(64) NOT NULL,
    "TIMESTAMP_" TIMESTAMP NOT NULL,
    "JOB_ID_" CHARACTER VARYING(64) NOT NULL,
    "JOB_DUEDATE_" TIMESTAMP,
    "JOB_RETRIES_" INTEGER,
    "JOB_PRIORITY_" BIGINT DEFAULT 0 NOT NULL,
    "JOB_EXCEPTION_MSG_" CHARACTER VARYING(4000),
    "JOB_EXCEPTION_STACK_ID_" CHARACTER VARYING(64),
    "JOB_STATE_" INTEGER,
    "JOB_DEF_ID_" CHARACTER VARYING(64),
    "JOB_DEF_TYPE_" CHARACTER VARYING(255),
    "JOB_DEF_CONFIGURATION_" CHARACTER VARYING(255),
    "ACT_ID_" CHARACTER VARYING(255),
    "FAILED_ACT_ID_" CHARACTER VARYING(255),
    "EXECUTION_ID_" CHARACTER VARYING(64),
    "ROOT_PROC_INST_ID_" CHARACTER VARYING(64),
    "PROCESS_INSTANCE_ID_" CHARACTER VARYING(64),
    "PROCESS_DEF_ID_" CHARACTER VARYING(64),
    "PROCESS_DEF_KEY_" CHARACTER VARYING(255),
    "DEPLOYMENT_ID_" CHARACTER VARYING(64),
    "SEQUENCE_COUNTER_" INTEGER,
    "TENANT_ID_" CHARACTER VARYING(64),
    "HOSTNAME_" CHARACTER VARYING(255),
    "REMOVAL_TIME_" TIMESTAMP
);            
ALTER TABLE "PUBLIC"."ACT_HI_JOB_LOG" ADD CONSTRAINT "PUBLIC"."CONSTRAINT_E" PRIMARY KEY("ID_");              
-- 0 +/- SELECT COUNT(*) FROM PUBLIC.ACT_HI_JOB_LOG;          
CREATE INDEX "PUBLIC"."ACT_IDX_HI_JOB_LOG_ROOT_PI" ON "PUBLIC"."ACT_HI_JOB_LOG"("ROOT_PROC_INST_ID_" NULLS FIRST);            
CREATE INDEX "PUBLIC"."ACT_IDX_HI_JOB_LOG_PROCINST" ON "PUBLIC"."ACT_HI_JOB_LOG"("PROCESS_INSTANCE_ID_" NULLS FIRST);         
CREATE INDEX "PUBLIC"."ACT_IDX_HI_JOB_LOG_PROCDEF" ON "PUBLIC"."ACT_HI_JOB_LOG"("PROCESS_DEF_ID_" NULLS FIRST);               
CREATE INDEX "PUBLIC"."ACT_IDX_HI_JOB_LOG_TENANT_ID" ON "PUBLIC"."ACT_HI_JOB_LOG"("TENANT_ID_" NULLS FIRST);  
CREATE INDEX "PUBLIC"."ACT_IDX_HI_JOB_LOG_JOB_DEF_ID" ON "PUBLIC"."ACT_HI_JOB_LOG"("JOB_DEF_ID_" NULLS FIRST);
CREATE INDEX "PUBLIC"."ACT_IDX_HI_JOB_LOG_PROC_DEF_KEY" ON "PUBLIC"."ACT_HI_JOB_LOG"("PROCESS_DEF_KEY_" NULLS FIRST);         
CREATE INDEX "PUBLIC"."ACT_IDX_HI_JOB_LOG_EX_STACK" ON "PUBLIC"."ACT_HI_JOB_LOG"("JOB_EXCEPTION_STACK_ID_" NULLS FIRST);      
CREATE INDEX "PUBLIC"."ACT_IDX_HI_JOB_LOG_RM_TIME" ON "PUBLIC"."ACT_HI_JOB_LOG"("REMOVAL_TIME_" NULLS FIRST); 
CREATE INDEX "PUBLIC"."ACT_IDX_HI_JOB_LOG_JOB_CONF" ON "PUBLIC"."ACT_HI_JOB_LOG"("JOB_DEF_CONFIGURATION_" NULLS FIRST);       
CREATE MEMORY TABLE "PUBLIC"."ACT_HI_BATCH"(
    "ID_" CHARACTER VARYING(64) NOT NULL,
    "TYPE_" CHARACTER VARYING(255),
    "TOTAL_JOBS_" INTEGER,
    "JOBS_PER_SEED_" INTEGER,
    "INVOCATIONS_PER_JOB_" INTEGER,
    "SEED_JOB_DEF_ID_" CHARACTER VARYING(64),
    "MONITOR_JOB_DEF_ID_" CHARACTER VARYING(64),
    "BATCH_JOB_DEF_ID_" CHARACTER VARYING(64),
    "TENANT_ID_" CHARACTER VARYING(64),
    "CREATE_USER_ID_" CHARACTER VARYING(255),
    "START_TIME_" TIMESTAMP NOT NULL,
    "END_TIME_" TIMESTAMP,
    "REMOVAL_TIME_" TIMESTAMP,
    "EXEC_START_TIME_" TIMESTAMP
);
ALTER TABLE "PUBLIC"."ACT_HI_BATCH" ADD CONSTRAINT "PUBLIC"."CONSTRAINT_C4C" PRIMARY KEY("ID_");              
-- 0 +/- SELECT COUNT(*) FROM PUBLIC.ACT_HI_BATCH;            
CREATE INDEX "PUBLIC"."ACT_HI_BAT_RM_TIME" ON "PUBLIC"."ACT_HI_BATCH"("REMOVAL_TIME_" NULLS FIRST);           
CREATE MEMORY TABLE "PUBLIC"."ACT_HI_EXT_TASK_LOG"(
    "ID_" CHARACTER VARYING(64) NOT NULL,
    "TIMESTAMP_" TIMESTAMP NOT NULL,
    "EXT_TASK_ID_" CHARACTER VARYING(64) NOT NULL,
    "RETRIES_" INTEGER,
    "TOPIC_NAME_" CHARACTER VARYING(255),
    "WORKER_ID_" CHARACTER VARYING(255),
    "PRIORITY_" BIGINT DEFAULT 0 NOT NULL,
    "ERROR_MSG_" CHARACTER VARYING(4000),
    "ERROR_DETAILS_ID_" CHARACTER VARYING(64),
    "ACT_ID_" CHARACTER VARYING(255),
    "ACT_INST_ID_" CHARACTER VARYING(64),
    "EXECUTION_ID_" CHARACTER VARYING(64),
    "ROOT_PROC_INST_ID_" CHARACTER VARYING(64),
    "PROC_INST_ID_" CHARACTER VARYING(64),
    "PROC_DEF_ID_" CHARACTER VARYING(64),
    "PROC_DEF_KEY_" CHARACTER VARYING(255),
    "TENANT_ID_" CHARACTER VARYING(64),
    "STATE_" INTEGER,
    "REMOVAL_TIME_" TIMESTAMP
);           
ALTER TABLE "PUBLIC"."ACT_HI_EXT_TASK_LOG" ADD CONSTRAINT "PUBLIC"."CONSTRAINT_8D2" PRIMARY KEY("ID_");       
-- 0 +/- SELECT COUNT(*) FROM PUBLIC.ACT_HI_EXT_TASK_LOG;     
CREATE INDEX "PUBLIC"."ACT_HI_EXT_TASK_LOG_ROOT_PI" ON "PUBLIC"."ACT_HI_EXT_TASK_LOG"("ROOT_PROC_INST_ID_" NULLS FIRST);      
CREATE INDEX "PUBLIC"."ACT_HI_EXT_TASK_LOG_PROCINST" ON "PUBLIC"."ACT_HI_EXT_TASK_LOG"("PROC_INST_ID_" NULLS FIRST);          
CREATE INDEX "PUBLIC"."ACT_HI_EXT_TASK_LOG_PROCDEF" ON "PUBLIC"."ACT_HI_EXT_TASK_LOG"("PROC_DEF_ID_" NULLS FIRST);            
CREATE INDEX "PUBLIC"."ACT_HI_EXT_TASK_LOG_PROC_DEF_KEY" ON "PUBLIC"."ACT_HI_EXT_TASK_LOG"("PROC_DEF_KEY_" NULLS FIRST);      
CREATE INDEX "PUBLIC"."ACT_HI_EXT_TASK_LOG_TENANT_ID" ON "PUBLIC"."ACT_HI_EXT_TASK_LOG"("TENANT_ID_" NULLS FIRST);            
CREATE INDEX "PUBLIC"."ACT_IDX_HI_EXTTASKLOG_ERRORDET" ON "PUBLIC"."ACT_HI_EXT_TASK_LOG"("ERROR_DETAILS_ID_" NULLS FIRST);    
CREATE INDEX "PUBLIC"."ACT_HI_EXT_TASK_LOG_RM_TIME" ON "PUBLIC"."ACT_HI_EXT_TASK_LOG"("REMOVAL_TIME_" NULLS FIRST);           
CREATE MEMORY TABLE "PUBLIC"."ACT_ID_GROUP"(
    "ID_" CHARACTER VARYING(64) NOT NULL,
    "REV_" INTEGER,
    "NAME_" CHARACTER VARYING(255),
    "TYPE_" CHARACTER VARYING(255)
);     
ALTER TABLE "PUBLIC"."ACT_ID_GROUP" ADD CONSTRAINT "PUBLIC"."CONSTRAINT_6B" PRIMARY KEY("ID_");               
-- 1 +/- SELECT COUNT(*) FROM PUBLIC.ACT_ID_GROUP;            
INSERT INTO "PUBLIC"."ACT_ID_GROUP" VALUES
('camunda-admin', 1, 'camunda BPM Administrators', 'SYSTEM');     
CREATE MEMORY TABLE "PUBLIC"."ACT_ID_MEMBERSHIP"(
    "USER_ID_" CHARACTER VARYING(64) NOT NULL,
    "GROUP_ID_" CHARACTER VARYING(64) NOT NULL
);         
ALTER TABLE "PUBLIC"."ACT_ID_MEMBERSHIP" ADD CONSTRAINT "PUBLIC"."CONSTRAINT_EE" PRIMARY KEY("USER_ID_", "GROUP_ID_");        
-- 1 +/- SELECT COUNT(*) FROM PUBLIC.ACT_ID_MEMBERSHIP;       
INSERT INTO "PUBLIC"."ACT_ID_MEMBERSHIP" VALUES
('camunda-admin', 'camunda-admin');          
CREATE MEMORY TABLE "PUBLIC"."ACT_ID_USER"(
    "ID_" CHARACTER VARYING(64) NOT NULL,
    "REV_" INTEGER,
    "FIRST_" CHARACTER VARYING(255),
    "LAST_" CHARACTER VARYING(255),
    "EMAIL_" CHARACTER VARYING(255),
    "PWD_" CHARACTER VARYING(255),
    "SALT_" CHARACTER VARYING(255),
    "LOCK_EXP_TIME_" TIMESTAMP,
    "ATTEMPTS_" INTEGER,
    "PICTURE_ID_" CHARACTER VARYING(64)
); 
ALTER TABLE "PUBLIC"."ACT_ID_USER" ADD CONSTRAINT "PUBLIC"."CONSTRAINT_7F" PRIMARY KEY("ID_");
-- 1 +/- SELECT COUNT(*) FROM PUBLIC.ACT_ID_USER;             
INSERT INTO "PUBLIC"."ACT_ID_USER" VALUES
('camunda-admin', 1, 'Camunda-admin', 'Camunda-admin', 'camunda-admin@localhost', '{SHA-512}mcv0Dh9jbq7WiRwOFG+yULjT8cJgs6HqEtz/cPjN29tmFRkue/17qIA+gvYSiiao9vvi04ZhW2oeOICwzZtMow==', '4TibcEb54oW/r7dHSMDO7Q==', NULL, NULL, NULL);              
CREATE MEMORY TABLE "PUBLIC"."ACT_ID_INFO"(
    "ID_" CHARACTER VARYING(64) NOT NULL,
    "REV_" INTEGER,
    "USER_ID_" CHARACTER VARYING(64),
    "TYPE_" CHARACTER VARYING(64),
    "KEY_" CHARACTER VARYING(255),
    "VALUE_" CHARACTER VARYING(255),
    "PASSWORD_" BINARY VARYING,
    "PARENT_ID_" CHARACTER VARYING(255)
);
ALTER TABLE "PUBLIC"."ACT_ID_INFO" ADD CONSTRAINT "PUBLIC"."CONSTRAINT_7F5" PRIMARY KEY("ID_");               
-- 0 +/- SELECT COUNT(*) FROM PUBLIC.ACT_ID_INFO;             
CREATE MEMORY TABLE "PUBLIC"."ACT_ID_TENANT"(
    "ID_" CHARACTER VARYING(64) NOT NULL,
    "REV_" INTEGER,
    "NAME_" CHARACTER VARYING(255)
);         
ALTER TABLE "PUBLIC"."ACT_ID_TENANT" ADD CONSTRAINT "PUBLIC"."CONSTRAINT_29" PRIMARY KEY("ID_");              
-- 0 +/- SELECT COUNT(*) FROM PUBLIC.ACT_ID_TENANT;           
CREATE MEMORY TABLE "PUBLIC"."ACT_ID_TENANT_MEMBER"(
    "ID_" CHARACTER VARYING(64) NOT NULL,
    "TENANT_ID_" CHARACTER VARYING(64) NOT NULL,
    "USER_ID_" CHARACTER VARYING(64),
    "GROUP_ID_" CHARACTER VARYING(64)
);           
ALTER TABLE "PUBLIC"."ACT_ID_TENANT_MEMBER" ADD CONSTRAINT "PUBLIC"."CONSTRAINT_3A" PRIMARY KEY("ID_");       
-- 0 +/- SELECT COUNT(*) FROM PUBLIC.ACT_ID_TENANT_MEMBER;    
CREATE MEMORY TABLE "PUBLIC"."ACT_RE_CASE_DEF"(
    "ID_" CHARACTER VARYING(64) NOT NULL,
    "REV_" INTEGER,
    "CATEGORY_" CHARACTER VARYING(255),
    "NAME_" CHARACTER VARYING(255),
    "KEY_" CHARACTER VARYING(255) NOT NULL,
    "VERSION_" INTEGER NOT NULL,
    "DEPLOYMENT_ID_" CHARACTER VARYING(64),
    "RESOURCE_NAME_" CHARACTER VARYING(4000),
    "DGRM_RESOURCE_NAME_" CHARACTER VARYING(4000),
    "TENANT_ID_" CHARACTER VARYING(64),
    "HISTORY_TTL_" INTEGER
);         
ALTER TABLE "PUBLIC"."ACT_RE_CASE_DEF" ADD CONSTRAINT "PUBLIC"."CONSTRAINT_CA" PRIMARY KEY("ID_");            
-- 0 +/- SELECT COUNT(*) FROM PUBLIC.ACT_RE_CASE_DEF;         
CREATE INDEX "PUBLIC"."ACT_IDX_CASE_DEF_TENANT_ID" ON "PUBLIC"."ACT_RE_CASE_DEF"("TENANT_ID_" NULLS FIRST);   
CREATE MEMORY TABLE "PUBLIC"."ACT_RU_CASE_EXECUTION"(
    "ID_" CHARACTER VARYING(64) NOT NULL,
    "REV_" INTEGER,
    "CASE_INST_ID_" CHARACTER VARYING(64),
    "SUPER_CASE_EXEC_" CHARACTER VARYING(64),
    "SUPER_EXEC_" CHARACTER VARYING(64),
    "BUSINESS_KEY_" CHARACTER VARYING(255),
    "PARENT_ID_" CHARACTER VARYING(64),
    "CASE_DEF_ID_" CHARACTER VARYING(64),
    "ACT_ID_" CHARACTER VARYING(255),
    "PREV_STATE_" INTEGER,
    "CURRENT_STATE_" INTEGER,
    "REQUIRED_" BOOLEAN,
    "TENANT_ID_" CHARACTER VARYING(64)
);           
ALTER TABLE "PUBLIC"."ACT_RU_CASE_EXECUTION" ADD CONSTRAINT "PUBLIC"."CONSTRAINT_AD" PRIMARY KEY("ID_");      
-- 0 +/- SELECT COUNT(*) FROM PUBLIC.ACT_RU_CASE_EXECUTION;   
CREATE INDEX "PUBLIC"."ACT_IDX_CASE_EXEC_BUSKEY" ON "PUBLIC"."ACT_RU_CASE_EXECUTION"("BUSINESS_KEY_" NULLS FIRST);            
CREATE INDEX "PUBLIC"."ACT_IDX_CASE_EXEC_TENANT_ID" ON "PUBLIC"."ACT_RU_CASE_EXECUTION"("TENANT_ID_" NULLS FIRST);            
CREATE MEMORY TABLE "PUBLIC"."ACT_RU_CASE_SENTRY_PART"(
    "ID_" CHARACTER VARYING(64) NOT NULL,
    "REV_" INTEGER,
    "CASE_INST_ID_" CHARACTER VARYING(64),
    "CASE_EXEC_ID_" CHARACTER VARYING(64),
    "SENTRY_ID_" CHARACTER VARYING(255),
    "TYPE_" CHARACTER VARYING(255),
    "SOURCE_CASE_EXEC_ID_" CHARACTER VARYING(64),
    "STANDARD_EVENT_" CHARACTER VARYING(255),
    "SOURCE_" CHARACTER VARYING(255),
    "VARIABLE_EVENT_" CHARACTER VARYING(255),
    "VARIABLE_NAME_" CHARACTER VARYING(255),
    "SATISFIED_" BOOLEAN,
    "TENANT_ID_" CHARACTER VARYING(64)
);   
ALTER TABLE "PUBLIC"."ACT_RU_CASE_SENTRY_PART" ADD CONSTRAINT "PUBLIC"."CONSTRAINT_5F" PRIMARY KEY("ID_");    
-- 0 +/- SELECT COUNT(*) FROM PUBLIC.ACT_RU_CASE_SENTRY_PART; 
CREATE MEMORY TABLE "PUBLIC"."ACT_HI_CASEINST"(
    "ID_" CHARACTER VARYING(64) NOT NULL,
    "CASE_INST_ID_" CHARACTER VARYING(64) NOT NULL,
    "BUSINESS_KEY_" CHARACTER VARYING(255),
    "CASE_DEF_ID_" CHARACTER VARYING(64) NOT NULL,
    "CREATE_TIME_" TIMESTAMP NOT NULL,
    "CLOSE_TIME_" TIMESTAMP,
    "DURATION_" BIGINT,
    "STATE_" INTEGER,
    "CREATE_USER_ID_" CHARACTER VARYING(255),
    "SUPER_CASE_INSTANCE_ID_" CHARACTER VARYING(64),
    "SUPER_PROCESS_INSTANCE_ID_" CHARACTER VARYING(64),
    "TENANT_ID_" CHARACTER VARYING(64)
);              
ALTER TABLE "PUBLIC"."ACT_HI_CASEINST" ADD CONSTRAINT "PUBLIC"."CONSTRAINT_CA4" PRIMARY KEY("ID_");           
-- 0 +/- SELECT COUNT(*) FROM PUBLIC.ACT_HI_CASEINST;         
CREATE INDEX "PUBLIC"."ACT_IDX_HI_CAS_I_CLOSE" ON "PUBLIC"."ACT_HI_CASEINST"("CLOSE_TIME_" NULLS FIRST);      
CREATE INDEX "PUBLIC"."ACT_IDX_HI_CAS_I_BUSKEY" ON "PUBLIC"."ACT_HI_CASEINST"("BUSINESS_KEY_" NULLS FIRST);   
CREATE INDEX "PUBLIC"."ACT_IDX_HI_CAS_I_TENANT_ID" ON "PUBLIC"."ACT_HI_CASEINST"("TENANT_ID_" NULLS FIRST);   
CREATE MEMORY TABLE "PUBLIC"."ACT_HI_CASEACTINST"(
    "ID_" CHARACTER VARYING(64) NOT NULL,
    "PARENT_ACT_INST_ID_" CHARACTER VARYING(64),
    "CASE_DEF_ID_" CHARACTER VARYING(64) NOT NULL,
    "CASE_INST_ID_" CHARACTER VARYING(64) NOT NULL,
    "CASE_ACT_ID_" CHARACTER VARYING(255) NOT NULL,
    "TASK_ID_" CHARACTER VARYING(64),
    "CALL_PROC_INST_ID_" CHARACTER VARYING(64),
    "CALL_CASE_INST_ID_" CHARACTER VARYING(64),
    "CASE_ACT_NAME_" CHARACTER VARYING(255),
    "CASE_ACT_TYPE_" CHARACTER VARYING(255),
    "CREATE_TIME_" TIMESTAMP NOT NULL,
    "END_TIME_" TIMESTAMP,
    "DURATION_" BIGINT,
    "STATE_" INTEGER,
    "REQUIRED_" BOOLEAN,
    "TENANT_ID_" CHARACTER VARYING(64)
);  
ALTER TABLE "PUBLIC"."ACT_HI_CASEACTINST" ADD CONSTRAINT "PUBLIC"."CONSTRAINT_BC" PRIMARY KEY("ID_");         
-- 0 +/- SELECT COUNT(*) FROM PUBLIC.ACT_HI_CASEACTINST;      
CREATE INDEX "PUBLIC"."ACT_IDX_HI_CAS_A_I_CREATE" ON "PUBLIC"."ACT_HI_CASEACTINST"("CREATE_TIME_" NULLS FIRST);               
CREATE INDEX "PUBLIC"."ACT_IDX_HI_CAS_A_I_END" ON "PUBLIC"."ACT_HI_CASEACTINST"("END_TIME_" NULLS FIRST);     
CREATE INDEX "PUBLIC"."ACT_IDX_HI_CAS_A_I_COMP" ON "PUBLIC"."ACT_HI_CASEACTINST"("CASE_ACT_ID_" NULLS FIRST, "END_TIME_" NULLS FIRST, "ID_" NULLS FIRST);     
CREATE INDEX "PUBLIC"."ACT_IDX_HI_CAS_A_I_TENANT_ID" ON "PUBLIC"."ACT_HI_CASEACTINST"("TENANT_ID_" NULLS FIRST);              
CREATE MEMORY TABLE "PUBLIC"."ACT_RE_DECISION_DEF"(
    "ID_" CHARACTER VARYING(64) NOT NULL,
    "REV_" INTEGER,
    "CATEGORY_" CHARACTER VARYING(255),
    "NAME_" CHARACTER VARYING(255),
    "KEY_" CHARACTER VARYING(255) NOT NULL,
    "VERSION_" INTEGER NOT NULL,
    "DEPLOYMENT_ID_" CHARACTER VARYING(64),
    "RESOURCE_NAME_" CHARACTER VARYING(4000),
    "DGRM_RESOURCE_NAME_" CHARACTER VARYING(4000),
    "DEC_REQ_ID_" CHARACTER VARYING(64),
    "DEC_REQ_KEY_" CHARACTER VARYING(255),
    "TENANT_ID_" CHARACTER VARYING(64),
    "HISTORY_TTL_" INTEGER,
    "VERSION_TAG_" CHARACTER VARYING(64)
);    
ALTER TABLE "PUBLIC"."ACT_RE_DECISION_DEF" ADD CONSTRAINT "PUBLIC"."CONSTRAINT_B5" PRIMARY KEY("ID_");        
-- 0 +/- SELECT COUNT(*) FROM PUBLIC.ACT_RE_DECISION_DEF;     
CREATE INDEX "PUBLIC"."ACT_IDX_DEC_DEF_TENANT_ID" ON "PUBLIC"."ACT_RE_DECISION_DEF"("TENANT_ID_" NULLS FIRST);
CREATE INDEX "PUBLIC"."ACT_IDX_DEC_DEF_REQ_ID" ON "PUBLIC"."ACT_RE_DECISION_DEF"("DEC_REQ_ID_" NULLS FIRST);  
CREATE MEMORY TABLE "PUBLIC"."ACT_RE_DECISION_REQ_DEF"(
    "ID_" CHARACTER VARYING(64) NOT NULL,
    "REV_" INTEGER,
    "CATEGORY_" CHARACTER VARYING(255),
    "NAME_" CHARACTER VARYING(255),
    "KEY_" CHARACTER VARYING(255) NOT NULL,
    "VERSION_" INTEGER NOT NULL,
    "DEPLOYMENT_ID_" CHARACTER VARYING(64),
    "RESOURCE_NAME_" CHARACTER VARYING(4000),
    "DGRM_RESOURCE_NAME_" CHARACTER VARYING(4000),
    "TENANT_ID_" CHARACTER VARYING(64)
);              
ALTER TABLE "PUBLIC"."ACT_RE_DECISION_REQ_DEF" ADD CONSTRAINT "PUBLIC"."CONSTRAINT_AD1" PRIMARY KEY("ID_");   
-- 0 +/- SELECT COUNT(*) FROM PUBLIC.ACT_RE_DECISION_REQ_DEF; 
CREATE INDEX "PUBLIC"."ACT_IDX_DEC_REQ_DEF_TENANT_ID" ON "PUBLIC"."ACT_RE_DECISION_REQ_DEF"("TENANT_ID_" NULLS FIRST);        
CREATE MEMORY TABLE "PUBLIC"."ACT_HI_DECINST"(
    "ID_" CHARACTER VARYING(64) NOT NULL,
    "DEC_DEF_ID_" CHARACTER VARYING(64) NOT NULL,
    "DEC_DEF_KEY_" CHARACTER VARYING(255) NOT NULL,
    "DEC_DEF_NAME_" CHARACTER VARYING(255),
    "PROC_DEF_KEY_" CHARACTER VARYING(255),
    "PROC_DEF_ID_" CHARACTER VARYING(64),
    "PROC_INST_ID_" CHARACTER VARYING(64),
    "CASE_DEF_KEY_" CHARACTER VARYING(255),
    "CASE_DEF_ID_" CHARACTER VARYING(64),
    "CASE_INST_ID_" CHARACTER VARYING(64),
    "ACT_INST_ID_" CHARACTER VARYING(64),
    "ACT_ID_" CHARACTER VARYING(255),
    "EVAL_TIME_" TIMESTAMP NOT NULL,
    "REMOVAL_TIME_" TIMESTAMP,
    "COLLECT_VALUE_" DOUBLE PRECISION,
    "USER_ID_" CHARACTER VARYING(255),
    "ROOT_DEC_INST_ID_" CHARACTER VARYING(64),
    "ROOT_PROC_INST_ID_" CHARACTER VARYING(64),
    "DEC_REQ_ID_" CHARACTER VARYING(64),
    "DEC_REQ_KEY_" CHARACTER VARYING(255),
    "TENANT_ID_" CHARACTER VARYING(64)
);             
ALTER TABLE "PUBLIC"."ACT_HI_DECINST" ADD CONSTRAINT "PUBLIC"."CONSTRAINT_9C" PRIMARY KEY("ID_");             
-- 0 +/- SELECT COUNT(*) FROM PUBLIC.ACT_HI_DECINST;          
CREATE INDEX "PUBLIC"."ACT_IDX_HI_DEC_INST_ID" ON "PUBLIC"."ACT_HI_DECINST"("DEC_DEF_ID_" NULLS FIRST);       
CREATE INDEX "PUBLIC"."ACT_IDX_HI_DEC_INST_KEY" ON "PUBLIC"."ACT_HI_DECINST"("DEC_DEF_KEY_" NULLS FIRST);     
CREATE INDEX "PUBLIC"."ACT_IDX_HI_DEC_INST_PI" ON "PUBLIC"."ACT_HI_DECINST"("PROC_INST_ID_" NULLS FIRST);     
CREATE INDEX "PUBLIC"."ACT_IDX_HI_DEC_INST_CI" ON "PUBLIC"."ACT_HI_DECINST"("CASE_INST_ID_" NULLS FIRST);     
CREATE INDEX "PUBLIC"."ACT_IDX_HI_DEC_INST_ACT" ON "PUBLIC"."ACT_HI_DECINST"("ACT_ID_" NULLS FIRST);          
CREATE INDEX "PUBLIC"."ACT_IDX_HI_DEC_INST_ACT_INST" ON "PUBLIC"."ACT_HI_DECINST"("ACT_INST_ID_" NULLS FIRST);
CREATE INDEX "PUBLIC"."ACT_IDX_HI_DEC_INST_TIME" ON "PUBLIC"."ACT_HI_DECINST"("EVAL_TIME_" NULLS FIRST);      
CREATE INDEX "PUBLIC"."ACT_IDX_HI_DEC_INST_TENANT_ID" ON "PUBLIC"."ACT_HI_DECINST"("TENANT_ID_" NULLS FIRST); 
CREATE INDEX "PUBLIC"."ACT_IDX_HI_DEC_INST_ROOT_ID" ON "PUBLIC"."ACT_HI_DECINST"("ROOT_DEC_INST_ID_" NULLS FIRST);            
CREATE INDEX "PUBLIC"."ACT_IDX_HI_DEC_INST_REQ_ID" ON "PUBLIC"."ACT_HI_DECINST"("DEC_REQ_ID_" NULLS FIRST);   
CREATE INDEX "PUBLIC"."ACT_IDX_HI_DEC_INST_REQ_KEY" ON "PUBLIC"."ACT_HI_DECINST"("DEC_REQ_KEY_" NULLS FIRST); 
CREATE INDEX "PUBLIC"."ACT_IDX_HI_DEC_INST_ROOT_PI" ON "PUBLIC"."ACT_HI_DECINST"("ROOT_PROC_INST_ID_" NULLS FIRST);           
CREATE INDEX "PUBLIC"."ACT_IDX_HI_DEC_INST_RM_TIME" ON "PUBLIC"."ACT_HI_DECINST"("REMOVAL_TIME_" NULLS FIRST);
CREATE MEMORY TABLE "PUBLIC"."ACT_HI_DEC_IN"(
    "ID_" CHARACTER VARYING(64) NOT NULL,
    "DEC_INST_ID_" CHARACTER VARYING(64) NOT NULL,
    "CLAUSE_ID_" CHARACTER VARYING(64),
    "CLAUSE_NAME_" CHARACTER VARYING(255),
    "VAR_TYPE_" CHARACTER VARYING(100),
    "BYTEARRAY_ID_" CHARACTER VARYING(64),
    "DOUBLE_" DOUBLE PRECISION,
    "LONG_" BIGINT,
    "TEXT_" CHARACTER VARYING(4000),
    "TEXT2_" CHARACTER VARYING(4000),
    "TENANT_ID_" CHARACTER VARYING(64),
    "CREATE_TIME_" TIMESTAMP,
    "ROOT_PROC_INST_ID_" CHARACTER VARYING(64),
    "REMOVAL_TIME_" TIMESTAMP
);         
ALTER TABLE "PUBLIC"."ACT_HI_DEC_IN" ADD CONSTRAINT "PUBLIC"."CONSTRAINT_80E" PRIMARY KEY("ID_");             
-- 0 +/- SELECT COUNT(*) FROM PUBLIC.ACT_HI_DEC_IN;           
CREATE INDEX "PUBLIC"."ACT_IDX_HI_DEC_IN_INST" ON "PUBLIC"."ACT_HI_DEC_IN"("DEC_INST_ID_" NULLS FIRST);       
CREATE INDEX "PUBLIC"."ACT_IDX_HI_DEC_IN_CLAUSE" ON "PUBLIC"."ACT_HI_DEC_IN"("DEC_INST_ID_" NULLS FIRST, "CLAUSE_ID_" NULLS FIRST);           
CREATE INDEX "PUBLIC"."ACT_IDX_HI_DEC_IN_ROOT_PI" ON "PUBLIC"."ACT_HI_DEC_IN"("ROOT_PROC_INST_ID_" NULLS FIRST);              
CREATE INDEX "PUBLIC"."ACT_IDX_HI_DEC_IN_RM_TIME" ON "PUBLIC"."ACT_HI_DEC_IN"("REMOVAL_TIME_" NULLS FIRST);   
CREATE MEMORY TABLE "PUBLIC"."ACT_HI_DEC_OUT"(
    "ID_" CHARACTER VARYING(64) NOT NULL,
    "DEC_INST_ID_" CHARACTER VARYING(64) NOT NULL,
    "CLAUSE_ID_" CHARACTER VARYING(64),
    "CLAUSE_NAME_" CHARACTER VARYING(255),
    "RULE_ID_" CHARACTER VARYING(64),
    "RULE_ORDER_" INTEGER,
    "VAR_NAME_" CHARACTER VARYING(255),
    "VAR_TYPE_" CHARACTER VARYING(100),
    "BYTEARRAY_ID_" CHARACTER VARYING(64),
    "DOUBLE_" DOUBLE PRECISION,
    "LONG_" BIGINT,
    "TEXT_" CHARACTER VARYING(4000),
    "TEXT2_" CHARACTER VARYING(4000),
    "TENANT_ID_" CHARACTER VARYING(64),
    "CREATE_TIME_" TIMESTAMP,
    "ROOT_PROC_INST_ID_" CHARACTER VARYING(64),
    "REMOVAL_TIME_" TIMESTAMP
);            
ALTER TABLE "PUBLIC"."ACT_HI_DEC_OUT" ADD CONSTRAINT "PUBLIC"."CONSTRAINT_9C4" PRIMARY KEY("ID_");            
-- 0 +/- SELECT COUNT(*) FROM PUBLIC.ACT_HI_DEC_OUT;          
CREATE INDEX "PUBLIC"."ACT_IDX_HI_DEC_OUT_INST" ON "PUBLIC"."ACT_HI_DEC_OUT"("DEC_INST_ID_" NULLS FIRST);     
CREATE INDEX "PUBLIC"."ACT_IDX_HI_DEC_OUT_RULE" ON "PUBLIC"."ACT_HI_DEC_OUT"("RULE_ORDER_" NULLS FIRST, "CLAUSE_ID_" NULLS FIRST);            
CREATE INDEX "PUBLIC"."ACT_IDX_HI_DEC_OUT_ROOT_PI" ON "PUBLIC"."ACT_HI_DEC_OUT"("ROOT_PROC_INST_ID_" NULLS FIRST);            
CREATE INDEX "PUBLIC"."ACT_IDX_HI_DEC_OUT_RM_TIME" ON "PUBLIC"."ACT_HI_DEC_OUT"("REMOVAL_TIME_" NULLS FIRST); 
ALTER TABLE "PUBLIC"."TASK" ADD CONSTRAINT "PUBLIC"."CONSTRAINT_2" CHECK("DECISION" IN('APPROVED', 'REJECTED')) NOCHECK;      
ALTER TABLE "PUBLIC"."LOGIN_LOG" ADD CONSTRAINT "PUBLIC"."CONSTRAINT_3" CHECK("STATUS" IN('SUCCESS', 'FAILURE')) NOCHECK;     
ALTER TABLE "PUBLIC"."APP_MENU" ADD CONSTRAINT "PUBLIC"."CONSTRAINT_7" CHECK("DATA_SCOPE" IN('ALL', 'BY_DEPARTMENT', 'BY_GROUP', 'OWNER_ONLY')) NOCHECK;      
ALTER TABLE "PUBLIC"."APP_USER" ADD CONSTRAINT "PUBLIC"."CONSTRAINT_7605" CHECK("STATUS" IN('ACTIVE', 'INACTIVE', 'LOCKED')) NOCHECK;         
ALTER TABLE "PUBLIC"."APP_MENU" ADD CONSTRAINT "PUBLIC"."CONSTRAINT_76" CHECK("TYPE" IN('DIRECTORY', 'FORM_ENTRY', 'DATA_LIST', 'REPORT', 'EXTERNAL_LINK')) NOCHECK;          
ALTER TABLE "PUBLIC"."FILE_ATTACHMENT" ADD CONSTRAINT "PUBLIC"."CONSTRAINT_C" CHECK("STATUS" IN('TEMPORARY', 'LINKED')) NOCHECK;              
ALTER TABLE "PUBLIC"."TASK" ADD CONSTRAINT "PUBLIC"."CONSTRAINT_27" CHECK("STATUS" IN('PENDING', 'COMPLETED')) NOCHECK;       
ALTER TABLE "PUBLIC"."WORKFLOW_INSTANCE" ADD CONSTRAINT "PUBLIC"."CONSTRAINT_C7" CHECK("STATUS" IN('PROCESSING', 'APPROVED', 'REJECTED')) NOCHECK;            
ALTER TABLE "PUBLIC"."WORKFLOW_INSTANCE" ADD CONSTRAINT "PUBLIC"."UK_RW7CUTUDV59SWR0WG5FNSAELT" UNIQUE("SUBMISSION_ID");      
ALTER TABLE "PUBLIC"."APP_DEPARTMENT" ADD CONSTRAINT "PUBLIC"."UK_5CTJLA2NR735HA6OWCW4QKSJB" UNIQUE("MANAGER_ID");            
ALTER TABLE "PUBLIC"."APP_DEPARTMENT" ADD CONSTRAINT "PUBLIC"."UK_2VTXVTH015THDUWPQFMHBHLOI" UNIQUE("NAME");  
ALTER TABLE "PUBLIC"."APP_USER_GROUP" ADD CONSTRAINT "PUBLIC"."UK_ESEJYMA9SWEJ7O3058IPNESLC" UNIQUE("NAME");  
ALTER TABLE "PUBLIC"."ACT_RU_VARIABLE" ADD CONSTRAINT "PUBLIC"."ACT_UNIQ_VARIABLE" UNIQUE("VAR_SCOPE_", "NAME_");             
ALTER TABLE "PUBLIC"."ACT_HI_PROCINST" ADD CONSTRAINT "PUBLIC"."CONSTRAINT_8D1" UNIQUE("PROC_INST_ID_");      
ALTER TABLE "PUBLIC"."WORKFLOW_TEMPLATE" ADD CONSTRAINT "PUBLIC"."UK_G0AB8FR9F0IX0MVJY0RKFD97D" UNIQUE("FORM_DEFINITION_ID"); 
ALTER TABLE "PUBLIC"."WORKFLOW_INSTANCE" ADD CONSTRAINT "PUBLIC"."UK_SX1NMV4G47WTLAK40617SQ8QB" UNIQUE("PROCESS_INSTANCE_ID");
ALTER TABLE "PUBLIC"."APP_ROLE" ADD CONSTRAINT "PUBLIC"."UK_DYF5HU50DDVJOY0PFPLEEVWFL" UNIQUE("NAME");        
ALTER TABLE "PUBLIC"."ACT_ID_TENANT_MEMBER" ADD CONSTRAINT "PUBLIC"."ACT_UNIQ_TENANT_MEMB_USER" UNIQUE("TENANT_ID_", "USER_ID_");             
ALTER TABLE "PUBLIC"."ACT_ID_TENANT_MEMBER" ADD CONSTRAINT "PUBLIC"."ACT_UNIQ_TENANT_MEMB_GROUP" UNIQUE("TENANT_ID_", "GROUP_ID_");           
ALTER TABLE "PUBLIC"."ACT_RU_AUTHORIZATION" ADD CONSTRAINT "PUBLIC"."ACT_UNIQ_AUTH_USER" UNIQUE("TYPE_", "USER_ID_", "RESOURCE_TYPE_", "RESOURCE_ID_");       
ALTER TABLE "PUBLIC"."APP_SYSTEM_SETTING" ADD CONSTRAINT "PUBLIC"."UK_C9393M0TX0UGCLF49M7PFO4YE" UNIQUE("SETTING_KEY");       
ALTER TABLE "PUBLIC"."TASK" ADD CONSTRAINT "PUBLIC"."UK_7GH51Q31L8KAISYEVMLLYET0G" UNIQUE("CAMUNDA_TASK_ID"); 
ALTER TABLE "PUBLIC"."WORKFLOW_TEMPLATE" ADD CONSTRAINT "PUBLIC"."UK_9C5N242BK2PUY7A9QBM64S9TJ" UNIQUE("PROCESS_DEFINITION_KEY");             
ALTER TABLE "PUBLIC"."ACT_RU_AUTHORIZATION" ADD CONSTRAINT "PUBLIC"."ACT_UNIQ_AUTH_GROUP" UNIQUE("TYPE_", "GROUP_ID_", "RESOURCE_TYPE_", "RESOURCE_ID_");     
ALTER TABLE "PUBLIC"."ACT_HI_CASEINST" ADD CONSTRAINT "PUBLIC"."CONSTRAINT_CA49" UNIQUE("CASE_INST_ID_");     
ALTER TABLE "PUBLIC"."WORKFLOW_INSTANCE" ADD CONSTRAINT "PUBLIC"."FK8YD6WPNFFGDJITXY94BQKHMFU" FOREIGN KEY("TEMPLATE_ID") REFERENCES "PUBLIC"."WORKFLOW_TEMPLATE"("ID") NOCHECK;              
ALTER TABLE "PUBLIC"."ACT_GE_BYTEARRAY" ADD CONSTRAINT "PUBLIC"."ACT_FK_BYTEARR_DEPL" FOREIGN KEY("DEPLOYMENT_ID_") REFERENCES "PUBLIC"."ACT_RE_DEPLOYMENT"("ID_") NOCHECK;   
ALTER TABLE "PUBLIC"."ACT_RU_EXT_TASK" ADD CONSTRAINT "PUBLIC"."ACT_FK_EXT_TASK_EXE" FOREIGN KEY("EXECUTION_ID_") REFERENCES "PUBLIC"."ACT_RU_EXECUTION"("ID_") NOCHECK;      
ALTER TABLE "PUBLIC"."ACT_RU_CASE_SENTRY_PART" ADD CONSTRAINT "PUBLIC"."ACT_FK_CASE_SENTRY_CASE_EXEC" FOREIGN KEY("CASE_EXEC_ID_") REFERENCES "PUBLIC"."ACT_RU_CASE_EXECUTION"("ID_") NOCHECK;
ALTER TABLE "PUBLIC"."ACT_RU_VARIABLE" ADD CONSTRAINT "PUBLIC"."ACT_FK_VAR_PROCINST" FOREIGN KEY("PROC_INST_ID_") REFERENCES "PUBLIC"."ACT_RU_EXECUTION"("ID_") NOCHECK;      
ALTER TABLE "PUBLIC"."WORKFLOW_TEMPLATE" ADD CONSTRAINT "PUBLIC"."FKF5CX1SP9K0K3RE0FXMK8Y3NLJ" FOREIGN KEY("FORM_DEFINITION_ID") REFERENCES "PUBLIC"."FORM_DEFINITION"("ID") NOCHECK;         
ALTER TABLE "PUBLIC"."ACT_RU_JOB" ADD CONSTRAINT "PUBLIC"."ACT_FK_JOB_EXCEPTION" FOREIGN KEY("EXCEPTION_STACK_ID_") REFERENCES "PUBLIC"."ACT_GE_BYTEARRAY"("ID_") NOCHECK;    
ALTER TABLE "PUBLIC"."ACT_RE_DECISION_DEF" ADD CONSTRAINT "PUBLIC"."ACT_FK_DEC_REQ" FOREIGN KEY("DEC_REQ_ID_") REFERENCES "PUBLIC"."ACT_RE_DECISION_REQ_DEF"("ID_") NOCHECK;  
ALTER TABLE "PUBLIC"."ACT_RU_TASK" ADD CONSTRAINT "PUBLIC"."ACT_FK_TASK_CASE_EXE" FOREIGN KEY("CASE_EXECUTION_ID_") REFERENCES "PUBLIC"."ACT_RU_CASE_EXECUTION"("ID_") NOCHECK;               
ALTER TABLE "PUBLIC"."ACT_RU_BATCH" ADD CONSTRAINT "PUBLIC"."ACT_FK_BATCH_SEED_JOB_DEF" FOREIGN KEY("SEED_JOB_DEF_ID_") REFERENCES "PUBLIC"."ACT_RU_JOBDEF"("ID_") NOCHECK;   
ALTER TABLE "PUBLIC"."MENU_ROLES" ADD CONSTRAINT "PUBLIC"."FKQVJBRLA7U4R6LVBCY8CWIJ77K" FOREIGN KEY("ROLE_ID") REFERENCES "PUBLIC"."APP_ROLE"("ID") NOCHECK;  
ALTER TABLE "PUBLIC"."MENU_ROLES" ADD CONSTRAINT "PUBLIC"."FKR8SNRX26PXTQE7WCSXCO4GL55" FOREIGN KEY("MENU_ID") REFERENCES "PUBLIC"."APP_MENU"("ID") NOCHECK;  
ALTER TABLE "PUBLIC"."ACT_ID_TENANT_MEMBER" ADD CONSTRAINT "PUBLIC"."ACT_FK_TENANT_MEMB_USER" FOREIGN KEY("USER_ID_") REFERENCES "PUBLIC"."ACT_ID_USER"("ID_") NOCHECK;       
ALTER TABLE "PUBLIC"."ACT_RU_TASK" ADD CONSTRAINT "PUBLIC"."ACT_FK_TASK_CASE_DEF" FOREIGN KEY("CASE_DEF_ID_") REFERENCES "PUBLIC"."ACT_RE_CASE_DEF"("ID_") NOCHECK;           
ALTER TABLE "PUBLIC"."ACT_RU_IDENTITYLINK" ADD CONSTRAINT "PUBLIC"."ACT_FK_TSKASS_TASK" FOREIGN KEY("TASK_ID_") REFERENCES "PUBLIC"."ACT_RU_TASK"("ID_") NOCHECK;             
ALTER TABLE "PUBLIC"."USER_GROUPS" ADD CONSTRAINT "PUBLIC"."FKNP4KXMGPRNY035UMJRSC0SNR1" FOREIGN KEY("USER_ID") REFERENCES "PUBLIC"."APP_USER"("ID") NOCHECK; 
ALTER TABLE "PUBLIC"."ACT_RU_TASK" ADD CONSTRAINT "PUBLIC"."ACT_FK_TASK_EXE" FOREIGN KEY("EXECUTION_ID_") REFERENCES "PUBLIC"."ACT_RU_EXECUTION"("ID_") NOCHECK;              
ALTER TABLE "PUBLIC"."ACT_RU_INCIDENT" ADD CONSTRAINT "PUBLIC"."ACT_FK_INC_JOB_DEF" FOREIGN KEY("JOB_DEF_ID_") REFERENCES "PUBLIC"."ACT_RU_JOBDEF"("ID_") NOCHECK;            
ALTER TABLE "PUBLIC"."USER_ROLES" ADD CONSTRAINT "PUBLIC"."FK6FQL8DJP64YP4Q9B3QEYHR82B" FOREIGN KEY("USER_ID") REFERENCES "PUBLIC"."APP_USER"("ID") NOCHECK;  
ALTER TABLE "PUBLIC"."ACT_RU_EVENT_SUBSCR" ADD CONSTRAINT "PUBLIC"."ACT_FK_EVENT_EXEC" FOREIGN KEY("EXECUTION_ID_") REFERENCES "PUBLIC"."ACT_RU_EXECUTION"("ID_") NOCHECK;    
ALTER TABLE "PUBLIC"."ACT_RU_VARIABLE" ADD CONSTRAINT "PUBLIC"."ACT_FK_VAR_EXE" FOREIGN KEY("EXECUTION_ID_") REFERENCES "PUBLIC"."ACT_RU_EXECUTION"("ID_") NOCHECK;           
ALTER TABLE "PUBLIC"."ACT_RU_EXECUTION" ADD CONSTRAINT "PUBLIC"."ACT_FK_EXE_PARENT" FOREIGN KEY("PARENT_ID_") REFERENCES "PUBLIC"."ACT_RU_EXECUTION"("ID_") NOCHECK;          
ALTER TABLE "PUBLIC"."ACT_ID_MEMBERSHIP" ADD CONSTRAINT "PUBLIC"."ACT_FK_MEMB_GROUP" FOREIGN KEY("GROUP_ID_") REFERENCES "PUBLIC"."ACT_ID_GROUP"("ID_") NOCHECK;              
ALTER TABLE "PUBLIC"."ACT_ID_TENANT_MEMBER" ADD CONSTRAINT "PUBLIC"."ACT_FK_TENANT_MEMB_GROUP" FOREIGN KEY("GROUP_ID_") REFERENCES "PUBLIC"."ACT_ID_GROUP"("ID_") NOCHECK;    
ALTER TABLE "PUBLIC"."ACT_RU_INCIDENT" ADD CONSTRAINT "PUBLIC"."ACT_FK_INC_PROCDEF" FOREIGN KEY("PROC_DEF_ID_") REFERENCES "PUBLIC"."ACT_RE_PROCDEF"("ID_") NOCHECK;          
ALTER TABLE "PUBLIC"."ACT_ID_MEMBERSHIP" ADD CONSTRAINT "PUBLIC"."ACT_FK_MEMB_USER" FOREIGN KEY("USER_ID_") REFERENCES "PUBLIC"."ACT_ID_USER"("ID_") NOCHECK; 
ALTER TABLE "PUBLIC"."TASK" ADD CONSTRAINT "PUBLIC"."FKBMLRL2JND3VCQMT3M8SH84UKM" FOREIGN KEY("ASSIGNEE_ID") REFERENCES "PUBLIC"."APP_USER"("ID") NOCHECK;    
ALTER TABLE "PUBLIC"."ACT_RU_CASE_EXECUTION" ADD CONSTRAINT "PUBLIC"."ACT_FK_CASE_EXE_CASE_DEF" FOREIGN KEY("CASE_DEF_ID_") REFERENCES "PUBLIC"."ACT_RE_CASE_DEF"("ID_") NOCHECK;             
ALTER TABLE "PUBLIC"."ACT_RU_INCIDENT" ADD CONSTRAINT "PUBLIC"."ACT_FK_INC_EXE" FOREIGN KEY("EXECUTION_ID_") REFERENCES "PUBLIC"."ACT_RU_EXECUTION"("ID_") NOCHECK;           
ALTER TABLE "PUBLIC"."ACT_RU_VARIABLE" ADD CONSTRAINT "PUBLIC"."ACT_FK_VAR_CASE_INST" FOREIGN KEY("CASE_INST_ID_") REFERENCES "PUBLIC"."ACT_RU_CASE_EXECUTION"("ID_") NOCHECK;
ALTER TABLE "PUBLIC"."FORM_SUBMISSION" ADD CONSTRAINT "PUBLIC"."FKJ1WYAKKM3QA94KI16FN54R1ME" FOREIGN KEY("FORM_DEFINITION_ID") REFERENCES "PUBLIC"."FORM_DEFINITION"("ID") NOCHECK;           
ALTER TABLE "PUBLIC"."APP_USER" ADD CONSTRAINT "PUBLIC"."FK6806FL5JQLXGU0QPSC6J30BCM" FOREIGN KEY("DEPARTMENT_ID") REFERENCES "PUBLIC"."APP_DEPARTMENT"("ID") NOCHECK;        
ALTER TABLE "PUBLIC"."APP_DEPARTMENT" ADD CONSTRAINT "PUBLIC"."FKH6UNY7VI0WNKWKFJTRBF0CGM6" FOREIGN KEY("PARENT_ID") REFERENCES "PUBLIC"."APP_DEPARTMENT"("ID") NOCHECK;      
ALTER TABLE "PUBLIC"."ACT_RU_BATCH" ADD CONSTRAINT "PUBLIC"."ACT_FK_BATCH_JOB_DEF" FOREIGN KEY("BATCH_JOB_DEF_ID_") REFERENCES "PUBLIC"."ACT_RU_JOBDEF"("ID_") NOCHECK;       
ALTER TABLE "PUBLIC"."ACT_RU_TASK" ADD CONSTRAINT "PUBLIC"."ACT_FK_TASK_PROCDEF" FOREIGN KEY("PROC_DEF_ID_") REFERENCES "PUBLIC"."ACT_RE_PROCDEF"("ID_") NOCHECK;             
ALTER TABLE "PUBLIC"."ACT_RU_VARIABLE" ADD CONSTRAINT "PUBLIC"."ACT_FK_VAR_BYTEARRAY" FOREIGN KEY("BYTEARRAY_ID_") REFERENCES "PUBLIC"."ACT_GE_BYTEARRAY"("ID_") NOCHECK;     
ALTER TABLE "PUBLIC"."ACT_RU_EXECUTION" ADD CONSTRAINT "PUBLIC"."ACT_FK_EXE_PROCDEF" FOREIGN KEY("PROC_DEF_ID_") REFERENCES "PUBLIC"."ACT_RE_PROCDEF"("ID_") NOCHECK;         
ALTER TABLE "PUBLIC"."ACT_RU_VARIABLE" ADD CONSTRAINT "PUBLIC"."ACT_FK_VAR_CASE_EXE" FOREIGN KEY("CASE_EXECUTION_ID_") REFERENCES "PUBLIC"."ACT_RU_CASE_EXECUTION"("ID_") NOCHECK;            
ALTER TABLE "PUBLIC"."ACT_RU_CASE_SENTRY_PART" ADD CONSTRAINT "PUBLIC"."ACT_FK_CASE_SENTRY_CASE_INST" FOREIGN KEY("CASE_INST_ID_") REFERENCES "PUBLIC"."ACT_RU_CASE_EXECUTION"("ID_") NOCHECK;
ALTER TABLE "PUBLIC"."ACT_RU_BATCH" ADD CONSTRAINT "PUBLIC"."ACT_FK_BATCH_MONITOR_JOB_DEF" FOREIGN KEY("MONITOR_JOB_DEF_ID_") REFERENCES "PUBLIC"."ACT_RU_JOBDEF"("ID_") NOCHECK;             
ALTER TABLE "PUBLIC"."ACT_RU_CASE_EXECUTION" ADD CONSTRAINT "PUBLIC"."ACT_FK_CASE_EXE_PARENT" FOREIGN KEY("PARENT_ID_") REFERENCES "PUBLIC"."ACT_RU_CASE_EXECUTION"("ID_") NOCHECK;           
ALTER TABLE "PUBLIC"."ACT_RU_INCIDENT" ADD CONSTRAINT "PUBLIC"."ACT_FK_INC_RCAUSE" FOREIGN KEY("ROOT_CAUSE_INCIDENT_ID_") REFERENCES "PUBLIC"."ACT_RU_INCIDENT"("ID_") NOCHECK;               
ALTER TABLE "PUBLIC"."ACT_RU_TASK" ADD CONSTRAINT "PUBLIC"."ACT_FK_TASK_PROCINST" FOREIGN KEY("PROC_INST_ID_") REFERENCES "PUBLIC"."ACT_RU_EXECUTION"("ID_") NOCHECK;         
ALTER TABLE "PUBLIC"."ACT_RU_INCIDENT" ADD CONSTRAINT "PUBLIC"."ACT_FK_INC_CAUSE" FOREIGN KEY("CAUSE_INCIDENT_ID_") REFERENCES "PUBLIC"."ACT_RU_INCIDENT"("ID_") NOCHECK;     
ALTER TABLE "PUBLIC"."USER_ROLES" ADD CONSTRAINT "PUBLIC"."FKN3BR4QTEAI89BJ7N137XMRNGI" FOREIGN KEY("ROLE_ID") REFERENCES "PUBLIC"."APP_ROLE"("ID") NOCHECK;  
ALTER TABLE "PUBLIC"."APP_DEPARTMENT" ADD CONSTRAINT "PUBLIC"."FKO6YLOYT9PU74U5U6T6B5WR2T9" FOREIGN KEY("MANAGER_ID") REFERENCES "PUBLIC"."APP_USER"("ID") NOCHECK;           
ALTER TABLE "PUBLIC"."APP_USER" ADD CONSTRAINT "PUBLIC"."FKA6WTDHDIJRQ38P4CQW03YWFN6" FOREIGN KEY("MANAGER_ID") REFERENCES "PUBLIC"."APP_USER"("ID") NOCHECK; 
ALTER TABLE "PUBLIC"."ACT_RU_IDENTITYLINK" ADD CONSTRAINT "PUBLIC"."ACT_FK_ATHRZ_PROCEDEF" FOREIGN KEY("PROC_DEF_ID_") REFERENCES "PUBLIC"."ACT_RE_PROCDEF"("ID_") NOCHECK;   
ALTER TABLE "PUBLIC"."ACT_RU_EXT_TASK" ADD CONSTRAINT "PUBLIC"."ACT_FK_EXT_TASK_ERROR_DETAILS" FOREIGN KEY("ERROR_DETAILS_ID_") REFERENCES "PUBLIC"."ACT_GE_BYTEARRAY"("ID_") NOCHECK;        
ALTER TABLE "PUBLIC"."TASK" ADD CONSTRAINT "PUBLIC"."FKKW2IFODMRKWXEBLOM9XK9RUC9" FOREIGN KEY("INSTANCE_ID") REFERENCES "PUBLIC"."WORKFLOW_INSTANCE"("ID") NOCHECK;           
ALTER TABLE "PUBLIC"."ACT_ID_TENANT_MEMBER" ADD CONSTRAINT "PUBLIC"."ACT_FK_TENANT_MEMB" FOREIGN KEY("TENANT_ID_") REFERENCES "PUBLIC"."ACT_ID_TENANT"("ID_") NOCHECK;        
ALTER TABLE "PUBLIC"."ACT_RU_EXECUTION" ADD CONSTRAINT "PUBLIC"."ACT_FK_EXE_PROCINST" FOREIGN KEY("PROC_INST_ID_") REFERENCES "PUBLIC"."ACT_RU_EXECUTION"("ID_") NOCHECK;     
ALTER TABLE "PUBLIC"."ACT_RU_VARIABLE" ADD CONSTRAINT "PUBLIC"."ACT_FK_VAR_BATCH" FOREIGN KEY("BATCH_ID_") REFERENCES "PUBLIC"."ACT_RU_BATCH"("ID_") NOCHECK; 
ALTER TABLE "PUBLIC"."WORKFLOW_INSTANCE" ADD CONSTRAINT "PUBLIC"."FK3MLOIUCKSYKKIY9C2LBEDBO76" FOREIGN KEY("SUBMISSION_ID") REFERENCES "PUBLIC"."FORM_SUBMISSION"("ID") NOCHECK;              
ALTER TABLE "PUBLIC"."FILE_ATTACHMENT" ADD CONSTRAINT "PUBLIC"."FK7NCJ63OI89BFOGY3Q744PDY5O" FOREIGN KEY("SUBMISSION_ID") REFERENCES "PUBLIC"."FORM_SUBMISSION"("ID") NOCHECK;
ALTER TABLE "PUBLIC"."APP_MENU" ADD CONSTRAINT "PUBLIC"."FKHX5MF7MSQM7E8FKAKX095CPQ2" FOREIGN KEY("FORM_DEFINITION_ID") REFERENCES "PUBLIC"."FORM_DEFINITION"("ID") NOCHECK;  
ALTER TABLE "PUBLIC"."ACT_RU_EXECUTION" ADD CONSTRAINT "PUBLIC"."ACT_FK_EXE_SUPER" FOREIGN KEY("SUPER_EXEC_") REFERENCES "PUBLIC"."ACT_RU_EXECUTION"("ID_") NOCHECK;          
ALTER TABLE "PUBLIC"."USER_GROUPS" ADD CONSTRAINT "PUBLIC"."FK9NY9O1O211RUNHLJWLJKT4221" FOREIGN KEY("GROUP_ID") REFERENCES "PUBLIC"."APP_USER_GROUP"("ID") NOCHECK;          
ALTER TABLE "PUBLIC"."ACT_RU_INCIDENT" ADD CONSTRAINT "PUBLIC"."ACT_FK_INC_PROCINST" FOREIGN KEY("PROC_INST_ID_") REFERENCES "PUBLIC"."ACT_RU_EXECUTION"("ID_") NOCHECK;      
ALTER TABLE "PUBLIC"."ACT_RU_CASE_EXECUTION" ADD CONSTRAINT "PUBLIC"."ACT_FK_CASE_EXE_CASE_INST" FOREIGN KEY("CASE_INST_ID_") REFERENCES "PUBLIC"."ACT_RU_CASE_EXECUTION"("ID_") NOCHECK;     
